callOption,strikePrice,putOption
"{u'high': 2675.85, u'ltp': 2650.5, u'lowPriceRange': 1896.4, u'growwContractId': u'NIFTY21NOV15150CE', u'open': 2630.0, u'prevOpenInterest': 33200, u'dayChange': 0.0, u'totalBuyQty': 5350.0, u'volume': 4050, u'lastTradeTime': 1637209799, u'dayChangePerc': 0.0, u'low': 2572.1, u'close': 2650.5, u'contractDisplayName': u""NIFTY 25 Nov '21 - 15150 Call"", u'highPriceRange': 3598.8, u'openInterest': 32250, u'totalSellQty': 7150.0, u'lastTradeQty': 50}",1515000,"{u'high': 2.0, u'ltp': 0.85, u'lowPriceRange': 0.05, u'growwContractId': u'NIFTY21NOV15150PE', u'open': 2.0, u'prevOpenInterest': 75500, u'dayChange': 0.0, u'totalBuyQty': 51800.0, u'volume': 43150, u'lastTradeTime': 1637209799, u'dayChangePerc': 0.0, u'low': 0.7, u'close': 0.85, u'contractDisplayName': u""NIFTY 25 Nov '21 - 15150 Put"", u'highPriceRange': 7.7, u'openInterest': 98500, u'totalSellQty': 35950.0, u'lastTradeQty': 400}"
"{u'high': 2597.35, u'ltp': 2590.0, u'lowPriceRange': 1839.5, u'growwContractId': u'NIFTY21NOV15200CE', u'open': 2575.0, u'prevOpenInterest': 59450, u'dayChange': 0.0, u'totalBuyQty': 6500.0, u'volume': 1350, u'lastTradeTime': 1637209799, u'dayChangePerc': 0.0, u'low': 2511.0, u'close': 2590.0, u'contractDisplayName': u""NIFTY 25 Nov '21 - 15200 Call"", u'highPriceRange': 3545.55, u'openInterest': 58200, u'totalSellQty': 5750.0, u'lastTradeQty': 100}",1520000,"{u'high': 1.5, u'ltp': 0.7, u'lowPriceRange': 0.05, u'growwContractId': u'NIFTY21NOV15200PE', u'open': 0.75, u'prevOpenInterest': 126800, u'dayChange': 0.0, u'totalBuyQty': 65100.0, u'volume': 138850, u'lastTradeTime': 1637209799, u'dayChangePerc': 0.0, u'low': 0.6, u'close': 0.7, u'contractDisplayName': u""NIFTY 25 Nov '21 - 15200 Put"", u'highPriceRange': 6.9, u'openInterest': 183100, u'totalSellQty': 56450.0, u'lastTradeQty': 350}"
"{u'high': 0.0, u'ltp': 1753.65, u'lowPriceRange': 1745.25, u'growwContractId': u'NIFTY21NOV15250CE', u'open': 0.0, u'prevOpenInterest': 0, u'dayChange': 0.0, u'totalBuyQty': 7050.0, u'volume': 0, u'dayChangePerc': 0.0, u'low': 0.0, u'close': 1753.65, u'contractDisplayName': u""NIFTY 25 Nov '21 - 15250 Call"", u'highPriceRange': 3480.45, u'openInterest': 0, u'totalSellQty': 6900.0, u'lastTradeTime': 1637209799}",1525000,"{u'high': 1.8, u'ltp': 0.95, u'lowPriceRange': 0.05, u'growwContractId': u'NIFTY21NOV15250PE', u'open': 1.25, u'prevOpenInterest': 1450, u'dayChange': 0.0, u'totalBuyQty': 20400.0, u'volume': 58650, u'lastTradeTime': 1637209799, u'dayChangePerc': 0.0, u'low': 0.8, u'close': 0.95, u'contractDisplayName': u""NIFTY 25 Nov '21 - 15250 Put"", u'highPriceRange': 3.05, u'openInterest': 2000, u'totalSellQty': 5250.0, u'lastTradeQty': 50}"
"{u'high': 2599.0, u'ltp': 2470.0, u'lowPriceRange': 1695.25, u'growwContractId': u'NIFTY21NOV15300CE', u'open': 2598.9, u'prevOpenInterest': 100, u'dayChange': 0.0, u'totalBuyQty': 6400.0, u'volume': 1200, u'lastTradeTime': 1637209799, u'dayChangePerc': 0.0, u'low': 2398.4, u'close': 2470.0, u'contractDisplayName': u""NIFTY 25 Nov '21 - 15300 Call"", u'highPriceRange': 3430.45, u'openInterest': 550, u'totalSellQty': 6400.0, u'lastTradeQty': 50}",1530000,"{u'high': 2.3, u'ltp': 0.9, u'lowPriceRange': 0.05, u'growwContractId': u'NIFTY21NOV15300PE', u'open': 1.6, u'prevOpenInterest': 26800, u'dayChange': 0.0, u'totalBuyQty': 20550.0, u'volume': 23600, u'lastTradeTime': 1637209799, u'dayChangePerc': 0.0, u'low': 0.85, u'close': 0.9, u'contractDisplayName': u""NIFTY 25 Nov '21 - 15300 Put"", u'highPriceRange': 3.05, u'openInterest': 27000, u'totalSellQty': 7100.0, u'lastTradeQty': 100}"
"{u'high': 0.0, u'ltp': 1677.85, u'lowPriceRange': 1645.55, u'growwContractId': u'NIFTY21NOV15350CE', u'open': 0.0, u'prevOpenInterest': 0, u'dayChange': 0.0, u'totalBuyQty': 5950.0, u'volume': 0, u'dayChangePerc': 0.0, u'low': 0.0, u'close': 1677.85, u'contractDisplayName': u""NIFTY 25 Nov '21 - 15350 Call"", u'highPriceRange': 3380.5, u'openInterest': 0, u'totalSellQty': 4500.0, u'lastTradeTime': 1637209799}",1535000,"{u'high': 0.0, u'ltp': 246.2, u'lowPriceRange': 0.0, u'growwContractId': u'NIFTY21NOV15350PE', u'open': 0.0, u'prevOpenInterest': 0, u'dayChange': 0.0, u'totalBuyQty': 9800.0, u'volume': 0, u'dayChangePerc': 0.0, u'low': 0.0, u'close': 246.2, u'contractDisplayName': u""NIFTY 25 Nov '21 - 15350 Put"", u'highPriceRange': 3.05, u'openInterest': 0, u'totalSellQty': 0.0, u'lastTradeTime': 1637209799}"
"{u'high': 2355.1, u'ltp': 2305.45, u'lowPriceRange': 1595.8, u'growwContractId': u'NIFTY21NOV15400CE', u'open': 2355.1, u'prevOpenInterest': 6950, u'dayChange': 0.0, u'totalBuyQty': 6600.0, u'volume': 100, u'lastTradeTime': 1637209799, u'dayChangePerc': 0.0, u'low': 2305.45, u'close': 2305.45, u'contractDisplayName': u""NIFTY 25 Nov '21 - 15400 Call"", u'highPriceRange': 3330.55, u'openInterest': 6850, u'totalSellQty': 5600.0, u'lastTradeQty': 50}",1540000,"{u'high': 3.0, u'ltp': 1.15, u'lowPriceRange': 0.05, u'growwContractId': u'NIFTY21NOV15400PE', u'open': 2.0, u'prevOpenInterest': 16300, u'dayChange': 0.0, u'totalBuyQty': 17950.0, u'volume': 6000, u'lastTradeTime': 1637209799, u'dayChangePerc': 0.0, u'low': 1.05, u'close': 1.15, u'contractDisplayName': u""NIFTY 25 Nov '21 - 15400 Put"", u'highPriceRange': 8.1, u'openInterest': 18300, u'totalSellQty': 23250.0, u'lastTradeQty': 100}"
"{u'high': 0.0, u'ltp': 1604.3, u'lowPriceRange': 1546.1, u'growwContractId': u'NIFTY21NOV15450CE', u'open': 0.0, u'prevOpenInterest': 0, u'dayChange': 0.0, u'totalBuyQty': 5950.0, u'volume': 0, u'dayChangePerc': 0.0, u'low': 0.0, u'close': 1604.3, u'contractDisplayName': u""NIFTY 25 Nov '21 - 15450 Call"", u'highPriceRange': 3280.6, u'openInterest': 0, u'totalSellQty': 5900.0, u'lastTradeTime': 1637209799}",1545000,"{u'high': 2.7, u'ltp': 1.75, u'lowPriceRange': 0.05, u'growwContractId': u'NIFTY21NOV15450PE', u'open': 0.75, u'prevOpenInterest': 100, u'dayChange': 0.0, u'totalBuyQty': 7800.0, u'volume': 3000, u'lastTradeTime': 1637209799, u'dayChangePerc': 0.0, u'low': 0.75, u'close': 1.75, u'contractDisplayName': u""NIFTY 25 Nov '21 - 15450 Put"", u'highPriceRange': 3.45, u'openInterest': 100, u'totalSellQty': 7200.0, u'lastTradeQty': 1500}"
"{u'high': 2427.6, u'ltp': 2306.7, u'lowPriceRange': 1522.35, u'growwContractId': u'NIFTY21NOV15500CE', u'open': 2427.6, u'prevOpenInterest': 448700, u'dayChange': 0.0, u'totalBuyQty': 10350.0, u'volume': 73600, u'lastTradeTime': 1637209799, u'dayChangePerc': 0.0, u'low': 2199.25, u'close': 2306.7, u'contractDisplayName': u""NIFTY 25 Nov '21 - 15500 Call"", u'highPriceRange': 3241.65, u'openInterest': 382300, u'totalSellQty': 14300.0, u'lastTradeQty': 50}",1550000,"{u'high': 2.05, u'ltp': 1.05, u'lowPriceRange': 0.05, u'growwContractId': u'NIFTY21NOV15500PE', u'open': 1.8, u'prevOpenInterest': 699050, u'dayChange': 0.0, u'totalBuyQty': 45450.0, u'volume': 346050, u'lastTradeTime': 1637209799, u'dayChangePerc': 0.0, u'low': 0.9, u'close': 1.05, u'contractDisplayName': u""NIFTY 25 Nov '21 - 15500 Put"", u'highPriceRange': 9.85, u'openInterest': 758500, u'totalSellQty': 43250.0, u'lastTradeQty': 350}"
"{u'high': 0.0, u'ltp': 2580.0, u'lowPriceRange': 1446.45, u'growwContractId': u'NIFTY21NOV15550CE', u'open': 0.0, u'prevOpenInterest': 100, u'dayChange': 0.0, u'totalBuyQty': 6950.0, u'volume': 0, u'lastTradeTime': 1637209799, u'dayChangePerc': 0.0, u'low': 0.0, u'close': 2580.0, u'contractDisplayName': u""NIFTY 25 Nov '21 - 15550 Call"", u'highPriceRange': 3180.65, u'openInterest': 100, u'totalSellQty': 6050.0, u'lastTradeQty': 50}",1555000,"{u'high': 2.5, u'ltp': 1.85, u'lowPriceRange': 0.05, u'growwContractId': u'NIFTY21NOV15550PE', u'open': 2.5, u'prevOpenInterest': 650, u'dayChange': 0.0, u'totalBuyQty': 900.0, u'volume': 300, u'lastTradeTime': 1637209799, u'dayChangePerc': 0.0, u'low': 1.85, u'close': 1.85, u'contractDisplayName': u""NIFTY 25 Nov '21 - 15550 Put"", u'highPriceRange': 15.75, u'openInterest': 600, u'totalSellQty': 7300.0, u'lastTradeQty': 250}"
"{u'high': 0.0, u'ltp': 2446.55, u'lowPriceRange': 1396.8, u'growwContractId': u'NIFTY21NOV15600CE', u'open': 0.0, u'prevOpenInterest': 500, u'dayChange': 0.0, u'totalBuyQty': 7050.0, u'volume': 0, u'lastTradeTime': 1637209799, u'dayChangePerc': 0.0, u'low': 0.0, u'close': 2446.55, u'contractDisplayName': u""NIFTY 25 Nov '21 - 15600 Call"", u'highPriceRange': 3130.7, u'openInterest': 500, u'totalSellQty': 5700.0, u'lastTradeQty': 50}",1560000,"{u'high': 2.95, u'ltp': 1.15, u'lowPriceRange': 0.05, u'growwContractId': u'NIFTY21NOV15600PE', u'open': 2.0, u'prevOpenInterest': 3250, u'dayChange': 0.0, u'totalBuyQty': 15100.0, u'volume': 5300, u'lastTradeTime': 1637209799, u'dayChangePerc': 0.0, u'low': 0.65, u'close': 1.15, u'contractDisplayName': u""NIFTY 25 Nov '21 - 15600 Put"", u'highPriceRange': 9.0, u'openInterest': 3700, u'totalSellQty': 4250.0, u'lastTradeQty': 50}"
"{u'high': 0.0, u'ltp': 1460.45, u'lowPriceRange': 1347.1, u'growwContractId': u'NIFTY21NOV15650CE', u'open': 0.0, u'prevOpenInterest': 0, u'dayChange': 0.0, u'totalBuyQty': 5900.0, u'volume': 0, u'dayChangePerc': 0.0, u'low': 0.0, u'close': 1460.45, u'contractDisplayName': u""NIFTY 25 Nov '21 - 15650 Call"", u'highPriceRange': 3080.75, u'openInterest': 0, u'totalSellQty': 4500.0, u'lastTradeTime': 1637209799}",1565000,"{u'high': 0.0, u'ltp': 325.95, u'lowPriceRange': 0.0, u'growwContractId': u'NIFTY21NOV15650PE', u'open': 0.0, u'prevOpenInterest': 0, u'dayChange': 0.0, u'totalBuyQty': 900.0, u'volume': 0, u'dayChangePerc': 0.0, u'low': 0.0, u'close': 325.95, u'contractDisplayName': u""NIFTY 25 Nov '21 - 15650 Put"", u'highPriceRange': 3.05, u'openInterest': 0, u'totalSellQty': 100.0, u'lastTradeTime': 1637209799}"
"{u'high': 2030.0, u'ltp': 2030.0, u'lowPriceRange': 1297.45, u'growwContractId': u'NIFTY21NOV15700CE', u'open': 2030.0, u'prevOpenInterest': 5750, u'dayChange': 0.0, u'totalBuyQty': 6200.0, u'volume': 50, u'lastTradeTime': 1637209799, u'dayChangePerc': 0.0, u'low': 2030.0, u'close': 2030.0, u'contractDisplayName': u""NIFTY 25 Nov '21 - 15700 Call"", u'highPriceRange': 3030.8, u'openInterest': 5700, u'totalSellQty': 5600.0, u'lastTradeQty': 50}",1570000,"{u'high': 2.75, u'ltp': 1.45, u'lowPriceRange': 0.05, u'growwContractId': u'NIFTY21NOV15700PE', u'open': 2.0, u'prevOpenInterest': 4500, u'dayChange': 0.0, u'totalBuyQty': 13400.0, u'volume': 1150, u'lastTradeTime': 1637209799, u'dayChangePerc': 0.0, u'low': 1.15, u'close': 1.45, u'contractDisplayName': u""NIFTY 25 Nov '21 - 15700 Put"", u'highPriceRange': 3.5, u'openInterest': 4500, u'totalSellQty': 3950.0, u'lastTradeQty': 50}"
"{u'high': 0.0, u'ltp': 1391.7, u'lowPriceRange': 1247.8, u'growwContractId': u'NIFTY21NOV15750CE', u'open': 0.0, u'prevOpenInterest': 0, u'dayChange': 0.0, u'totalBuyQty': 6950.0, u'volume': 0, u'dayChangePerc': 0.0, u'low': 0.0, u'close': 1391.7, u'contractDisplayName': u""NIFTY 25 Nov '21 - 15750 Call"", u'highPriceRange': 2980.85, u'openInterest': 0, u'totalSellQty': 4550.0, u'lastTradeTime': 1637209799}",1575000,"{u'high': 0.0, u'ltp': 10.0, u'lowPriceRange': 0.0, u'growwContractId': u'NIFTY21NOV15750PE', u'open': 0.0, u'prevOpenInterest': 50, u'dayChange': 0.0, u'totalBuyQty': 900.0, u'volume': 0, u'lastTradeTime': 1637209799, u'dayChangePerc': 0.0, u'low': 0.0, u'close': 10.0, u'contractDisplayName': u""NIFTY 25 Nov '21 - 15750 Put"", u'highPriceRange': 3.05, u'openInterest': 50, u'totalSellQty': 0.0, u'lastTradeQty': 50}"
"{u'high': 0.0, u'ltp': 2083.65, u'lowPriceRange': 1159.7, u'growwContractId': u'NIFTY21NOV15800CE', u'open': 0.0, u'prevOpenInterest': 900, u'dayChange': 0.0, u'totalBuyQty': 6900.0, u'volume': 0, u'lastTradeTime': 1637209799, u'dayChangePerc': 0.0, u'low': 0.0, u'close': 2083.65, u'contractDisplayName': u""NIFTY 25 Nov '21 - 15800 Call"", u'highPriceRange': 2903.15, u'openInterest': 900, u'totalSellQty': 6800.0, u'lastTradeQty': 50}",1580000,"{u'high': 3.35, u'ltp': 1.3, u'lowPriceRange': 0.05, u'growwContractId': u'NIFTY21NOV15800PE', u'open': 1.15, u'prevOpenInterest': 6800, u'dayChange': 0.0, u'totalBuyQty': 27200.0, u'volume': 4400, u'lastTradeTime': 1637209799, u'dayChangePerc': 0.0, u'low': 0.9, u'close': 1.3, u'contractDisplayName': u""NIFTY 25 Nov '21 - 15800 Put"", u'highPriceRange': 13.55, u'openInterest': 6150, u'totalSellQty': 6300.0, u'lastTradeQty': 50}"
"{u'high': 0.0, u'ltp': 1324.85, u'lowPriceRange': 1148.3, u'growwContractId': u'NIFTY21NOV15850CE', u'open': 0.0, u'prevOpenInterest': 0, u'dayChange': 0.0, u'totalBuyQty': 7000.0, u'volume': 0, u'dayChangePerc': 0.0, u'low': 0.0, u'close': 1324.85, u'contractDisplayName': u""NIFTY 25 Nov '21 - 15850 Call"", u'highPriceRange': 2880.9, u'openInterest': 0, u'totalSellQty': 4950.0, u'lastTradeTime': 1637209799}",1585000,"{u'high': 0.0, u'ltp': 10.0, u'lowPriceRange': 0.0, u'growwContractId': u'NIFTY21NOV15850PE', u'open': 0.0, u'prevOpenInterest': 50, u'dayChange': 0.0, u'totalBuyQty': 900.0, u'volume': 0, u'lastTradeTime': 1637209799, u'dayChangePerc': 0.0, u'low': 0.0, u'close': 10.0, u'contractDisplayName': u""NIFTY 25 Nov '21 - 15850 Put"", u'highPriceRange': 3.05, u'openInterest': 50, u'totalSellQty': 1050.0, u'lastTradeQty': 50}"
"{u'high': 0.0, u'ltp': 1950.25, u'lowPriceRange': 1098.7, u'growwContractId': u'NIFTY21NOV15900CE', u'open': 0.0, u'prevOpenInterest': 1000, u'dayChange': 0.0, u'totalBuyQty': 6750.0, u'volume': 0, u'lastTradeTime': 1637209799, u'dayChangePerc': 0.0, u'low': 0.0, u'close': 1950.25, u'contractDisplayName': u""NIFTY 25 Nov '21 - 15900 Call"", u'highPriceRange': 2830.85, u'openInterest': 1000, u'totalSellQty': 6000.0, u'lastTradeQty': 50}",1590000,"{u'high': 2.35, u'ltp': 1.4, u'lowPriceRange': 0.05, u'growwContractId': u'NIFTY21NOV15900PE', u'open': 1.6, u'prevOpenInterest': 47350, u'dayChange': 0.0, u'totalBuyQty': 27250.0, u'volume': 19050, u'lastTradeTime': 1637209799, u'dayChangePerc': 0.0, u'low': 1.1, u'close': 1.4, u'contractDisplayName': u""NIFTY 25 Nov '21 - 15900 Put"", u'highPriceRange': 13.1, u'openInterest': 37700, u'totalSellQty': 6100.0, u'lastTradeQty': 50}"
"{u'high': 0.0, u'ltp': 1259.9, u'lowPriceRange': 1049.1, u'growwContractId': u'NIFTY21NOV15950CE', u'open': 0.0, u'prevOpenInterest': 0, u'dayChange': 0.0, u'totalBuyQty': 6700.0, u'volume': 0, u'lastTradeTime': 1637209799, u'dayChangePerc': 0.0, u'low': 0.0, u'close': 1259.9, u'contractDisplayName': u""NIFTY 25 Nov '21 - 15950 Call"", u'highPriceRange': 2780.9, u'openInterest': 0, u'totalSellQty': 5000.0, u'lastTradeQty': 500}",1595000,"{u'high': 2.3, u'ltp': 1.0, u'lowPriceRange': 0.05, u'growwContractId': u'NIFTY21NOV15950PE', u'open': 2.3, u'prevOpenInterest': 750, u'dayChange': 0.0, u'totalBuyQty': 4900.0, u'volume': 550, u'lastTradeTime': 1637209799, u'dayChangePerc': 0.0, u'low': 0.1, u'close': 1.0, u'contractDisplayName': u""NIFTY 25 Nov '21 - 15950 Put"", u'highPriceRange': 3.05, u'openInterest': 650, u'totalSellQty': 1150.0, u'lastTradeQty': 100}"
"{u'high': 1938.0, u'ltp': 1793.4, u'lowPriceRange': 1006.2, u'growwContractId': u'NIFTY21NOV16000CE', u'open': 1928.0, u'prevOpenInterest': 332050, u'dayChange': 0.0, u'totalBuyQty': 14450.0, u'volume': 23900, u'lastTradeTime': 1637209799, u'dayChangePerc': 0.0, u'low': 1697.1, u'close': 1793.4, u'contractDisplayName': u""NIFTY 25 Nov '21 - 16000 Call"", u'highPriceRange': 2729.0, u'openInterest': 314350, u'totalSellQty': 13500.0, u'lastTradeQty': 50}",1600000,"{u'high': 2.65, u'ltp': 1.3, u'lowPriceRange': 0.05, u'growwContractId': u'NIFTY21NOV16000PE', u'open': 1.85, u'prevOpenInterest': 701150, u'dayChange': 0.0, u'totalBuyQty': 759650.0, u'volume': 592700, u'lastTradeTime': 1637209799, u'dayChangePerc': 0.0, u'low': 1.15, u'close': 1.3, u'contractDisplayName': u""NIFTY 25 Nov '21 - 16000 Put"", u'highPriceRange': 11.9, u'openInterest': 896650, u'totalSellQty': 25350.0, u'lastTradeQty': 100}"
"{u'high': 0.0, u'ltp': 1723.95, u'lowPriceRange': 950.0, u'growwContractId': u'NIFTY21NOV16050CE', u'open': 0.0, u'prevOpenInterest': 600, u'dayChange': 0.0, u'totalBuyQty': 6050.0, u'volume': 0, u'lastTradeTime': 1637209799, u'dayChangePerc': 0.0, u'low': 0.0, u'close': 1723.95, u'contractDisplayName': u""NIFTY 25 Nov '21 - 16050 Call"", u'highPriceRange': 2680.85, u'openInterest': 600, u'totalSellQty': 6750.0, u'lastTradeQty': 50}",1605000,"{u'high': 2.5, u'ltp': 2.15, u'lowPriceRange': 0.05, u'growwContractId': u'NIFTY21NOV16050PE', u'open': 1.05, u'prevOpenInterest': 4150, u'dayChange': 0.0, u'totalBuyQty': 12100.0, u'volume': 1150, u'lastTradeTime': 1637209799, u'dayChangePerc': 0.0, u'low': 1.05, u'close': 2.15, u'contractDisplayName': u""NIFTY 25 Nov '21 - 16050 Put"", u'highPriceRange': 14.35, u'openInterest': 4150, u'totalSellQty': 5100.0, u'lastTradeQty': 500}"
"{u'high': 1799.0, u'ltp': 1710.0, u'lowPriceRange': 860.7, u'growwContractId': u'NIFTY21NOV16100CE', u'open': 1799.0, u'prevOpenInterest': 8150, u'dayChange': 0.0, u'totalBuyQty': 6400.0, u'volume': 500, u'lastTradeTime': 1637209799, u'dayChangePerc': 0.0, u'low': 1656.75, u'close': 1710.0, u'contractDisplayName': u""NIFTY 25 Nov '21 - 16100 Call"", u'highPriceRange': 2603.1, u'openInterest': 8000, u'totalSellQty': 5500.0, u'lastTradeQty': 50}",1610000,"{u'high': 3.4, u'ltp': 1.55, u'lowPriceRange': 0.05, u'growwContractId': u'NIFTY21NOV16100PE', u'open': 1.35, u'prevOpenInterest': 62350, u'dayChange': 0.0, u'totalBuyQty': 32000.0, u'volume': 37650, u'lastTradeTime': 1637209799, u'dayChangePerc': 0.0, u'low': 1.35, u'close': 1.55, u'contractDisplayName': u""NIFTY 25 Nov '21 - 16100 Put"", u'highPriceRange': 14.5, u'openInterest': 64000, u'totalSellQty': 11150.0, u'lastTradeQty': 50}"
"{u'high': 0.0, u'ltp': 1611.4, u'lowPriceRange': 851.3, u'growwContractId': u'NIFTY21NOV16150CE', u'open': 0.0, u'prevOpenInterest': 250, u'dayChange': 0.0, u'totalBuyQty': 6650.0, u'volume': 0, u'lastTradeTime': 1637209799, u'dayChangePerc': 0.0, u'low': 0.0, u'close': 1611.4, u'contractDisplayName': u""NIFTY 25 Nov '21 - 16150 Call"", u'highPriceRange': 2580.75, u'openInterest': 250, u'totalSellQty': 5650.0, u'lastTradeQty': 50}",1615000,"{u'high': 4.0, u'ltp': 1.75, u'lowPriceRange': 0.05, u'growwContractId': u'NIFTY21NOV16150PE', u'open': 2.5, u'prevOpenInterest': 1100, u'dayChange': 0.0, u'totalBuyQty': 9700.0, u'volume': 6500, u'lastTradeTime': 1637209799, u'dayChangePerc': 0.0, u'low': 0.6, u'close': 1.75, u'contractDisplayName': u""NIFTY 25 Nov '21 - 16150 Put"", u'highPriceRange': 18.3, u'openInterest': 4600, u'totalSellQty': 5350.0, u'lastTradeQty': 50}"
"{u'high': 1586.45, u'ltp': 1586.45, u'lowPriceRange': 787.5, u'growwContractId': u'NIFTY21NOV16200CE', u'open': 1567.55, u'prevOpenInterest': 6100, u'dayChange': 0.0, u'totalBuyQty': 6500.0, u'volume': 350, u'lastTradeTime': 1637209799, u'dayChangePerc': 0.0, u'low': 1552.0, u'close': 1586.45, u'contractDisplayName': u""NIFTY 25 Nov '21 - 16200 Call"", u'highPriceRange': 2528.85, u'openInterest': 6000, u'totalSellQty': 5950.0, u'lastTradeQty': 50}",1620000,"{u'high': 2.8, u'ltp': 1.6, u'lowPriceRange': 0.05, u'growwContractId': u'NIFTY21NOV16200PE', u'open': 2.25, u'prevOpenInterest': 86150, u'dayChange': 0.0, u'totalBuyQty': 20200.0, u'volume': 77300, u'lastTradeTime': 1637209799, u'dayChangePerc': 0.0, u'low': 1.2, u'close': 1.6, u'contractDisplayName': u""NIFTY 25 Nov '21 - 16200 Put"", u'highPriceRange': 17.0, u'openInterest': 102700, u'totalSellQty': 9950.0, u'lastTradeQty': 550}"
"{u'high': 0.0, u'ltp': 1533.0, u'lowPriceRange': 753.05, u'growwContractId': u'NIFTY21NOV16250CE', u'open': 0.0, u'prevOpenInterest': 50, u'dayChange': 0.0, u'totalBuyQty': 5900.0, u'volume': 0, u'lastTradeTime': 1637209799, u'dayChangePerc': 0.0, u'low': 0.0, u'close': 1533.0, u'contractDisplayName': u""NIFTY 25 Nov '21 - 16250 Call"", u'highPriceRange': 2480.45, u'openInterest': 50, u'totalSellQty': 6800.0, u'lastTradeQty': 50}",1625000,"{u'high': 6.55, u'ltp': 2.1, u'lowPriceRange': 0.05, u'growwContractId': u'NIFTY21NOV16250PE', u'open': 1.15, u'prevOpenInterest': 1750, u'dayChange': 0.0, u'totalBuyQty': 17400.0, u'volume': 21150, u'lastTradeTime': 1637209799, u'dayChangePerc': 0.0, u'low': 1.15, u'close': 2.1, u'contractDisplayName': u""NIFTY 25 Nov '21 - 16250 Put"", u'highPriceRange': 11.4, u'openInterest': 10250, u'totalSellQty': 11100.0, u'lastTradeQty': 950}"
"{u'high': 1510.0, u'ltp': 1475.75, u'lowPriceRange': 703.95, u'growwContractId': u'NIFTY21NOV16300CE', u'open': 1430.0, u'prevOpenInterest': 4600, u'dayChange': 0.0, u'totalBuyQty': 6450.0, u'volume': 700, u'lastTradeTime': 1637209799, u'dayChangePerc': 0.0, u'low': 1420.0, u'close': 1475.75, u'contractDisplayName': u""NIFTY 25 Nov '21 - 16300 Call"", u'highPriceRange': 2430.25, u'openInterest': 4850, u'totalSellQty': 6350.0, u'lastTradeQty': 50}",1630000,"{u'high': 3.9, u'ltp': 1.75, u'lowPriceRange': 0.05, u'growwContractId': u'NIFTY21NOV16300PE', u'open': 1.7, u'prevOpenInterest': 66350, u'dayChange': 0.0, u'totalBuyQty': 34500.0, u'volume': 69300, u'lastTradeTime': 1637209799, u'dayChangePerc': 0.0, u'low': 1.35, u'close': 1.75, u'contractDisplayName': u""NIFTY 25 Nov '21 - 16300 Put"", u'highPriceRange': 17.7, u'openInterest': 77400, u'totalSellQty': 9150.0, u'lastTradeQty': 100}"
"{u'high': 0.0, u'ltp': 1932.95, u'lowPriceRange': 655.25, u'growwContractId': u'NIFTY21NOV16350CE', u'open': 0.0, u'prevOpenInterest': 50, u'dayChange': 0.0, u'totalBuyQty': 5900.0, u'volume': 0, u'lastTradeTime': 1637209799, u'dayChangePerc': 0.0, u'low': 0.0, u'close': 1932.95, u'contractDisplayName': u""NIFTY 25 Nov '21 - 16350 Call"", u'highPriceRange': 2379.9, u'openInterest': 50, u'totalSellQty': 6800.0, u'lastTradeQty': 50}",1635000,"{u'high': 4.0, u'ltp': 1.7, u'lowPriceRange': 0.05, u'growwContractId': u'NIFTY21NOV16350PE', u'open': 2.45, u'prevOpenInterest': 950, u'dayChange': 0.0, u'totalBuyQty': 9900.0, u'volume': 4200, u'lastTradeTime': 1637209799, u'dayChangePerc': 0.0, u'low': 1.7, u'close': 1.7, u'contractDisplayName': u""NIFTY 25 Nov '21 - 16350 Put"", u'highPriceRange': 22.75, u'openInterest': 3050, u'totalSellQty': 5650.0, u'lastTradeQty': 150}"
"{u'high': 1485.65, u'ltp': 1376.4, u'lowPriceRange': 572.55, u'growwContractId': u'NIFTY21NOV16400CE', u'open': 1485.65, u'prevOpenInterest': 7150, u'dayChange': 0.0, u'totalBuyQty': 6450.0, u'volume': 2450, u'lastTradeTime': 1637209799, u'dayChangePerc': 0.0, u'low': 1300.0, u'close': 1376.4, u'contractDisplayName': u""NIFTY 25 Nov '21 - 16400 Call"", u'highPriceRange': 2308.8, u'openInterest': 7300, u'totalSellQty': 6400.0, u'lastTradeQty': 50}",1640000,"{u'high': 3.75, u'ltp': 1.7, u'lowPriceRange': 0.05, u'growwContractId': u'NIFTY21NOV16400PE', u'open': 2.05, u'prevOpenInterest': 159450, u'dayChange': 0.0, u'totalBuyQty': 41050.0, u'volume': 270500, u'lastTradeTime': 1637209799, u'dayChangePerc': 0.0, u'low': 1.3, u'close': 1.7, u'contractDisplayName': u""NIFTY 25 Nov '21 - 16400 Put"", u'highPriceRange': 16.05, u'openInterest': 185650, u'totalSellQty': 5650.0, u'lastTradeQty': 100}"
"{u'high': 0.0, u'ltp': 1510.35, u'lowPriceRange': 558.9, u'growwContractId': u'NIFTY21NOV16450CE', u'open': 0.0, u'prevOpenInterest': 150, u'dayChange': 0.0, u'totalBuyQty': 4600.0, u'volume': 0, u'lastTradeTime': 1637209799, u'dayChangePerc': 0.0, u'low': 0.0, u'close': 1510.35, u'contractDisplayName': u""NIFTY 25 Nov '21 - 16450 Call"", u'highPriceRange': 2278.85, u'openInterest': 150, u'totalSellQty': 6450.0, u'lastTradeQty': 50}",1645000,"{u'high': 4.0, u'ltp': 1.9, u'lowPriceRange': 0.05, u'growwContractId': u'NIFTY21NOV16450PE', u'open': 3.0, u'prevOpenInterest': 3350, u'dayChange': 0.0, u'totalBuyQty': 4650.0, u'volume': 7200, u'lastTradeTime': 1637209799, u'dayChangePerc': 0.0, u'low': 0.85, u'close': 1.9, u'contractDisplayName': u""NIFTY 25 Nov '21 - 16450 Put"", u'highPriceRange': 20.1, u'openInterest': 4100, u'totalSellQty': 5600.0, u'lastTradeQty': 50}"
"{u'high': 1442.0, u'ltp': 1304.85, u'lowPriceRange': 521.15, u'growwContractId': u'NIFTY21NOV16500CE', u'open': 1442.0, u'prevOpenInterest': 188950, u'dayChange': 0.0, u'totalBuyQty': 15650.0, u'volume': 40850, u'lastTradeTime': 1637209799, u'dayChangePerc': 0.0, u'low': 1197.95, u'close': 1304.85, u'contractDisplayName': u""NIFTY 25 Nov '21 - 16500 Call"", u'highPriceRange': 2228.45, u'openInterest': 177500, u'totalSellQty': 14550.0, u'lastTradeQty': 50}",1650000,"{u'high': 3.45, u'ltp': 1.95, u'lowPriceRange': 0.05, u'growwContractId': u'NIFTY21NOV16500PE', u'open': 2.55, u'prevOpenInterest': 830400, u'dayChange': 0.0, u'totalBuyQty': 255150.0, u'volume': 2208950, u'lastTradeTime': 1637209799, u'dayChangePerc': 0.0, u'low': 1.75, u'close': 1.95, u'contractDisplayName': u""NIFTY 25 Nov '21 - 16500 Put"", u'highPriceRange': 18.55, u'openInterest': 1374200, u'totalSellQty': 49700.0, u'lastTradeQty': 100}"
"{u'high': 1340.6, u'ltp': 1247.75, u'lowPriceRange': 464.1, u'growwContractId': u'NIFTY21NOV16550CE', u'open': 1340.6, u'prevOpenInterest': 200, u'dayChange': 0.0, u'totalBuyQty': 6500.0, u'volume': 300, u'lastTradeTime': 1637209799, u'dayChangePerc': 0.0, u'low': 1225.0, u'close': 1247.75, u'contractDisplayName': u""NIFTY 25 Nov '21 - 16550 Call"", u'highPriceRange': 2177.15, u'openInterest': 350, u'totalSellQty': 6400.0, u'lastTradeQty': 50}",1655000,"{u'high': 4.75, u'ltp': 2.2, u'lowPriceRange': 0.05, u'growwContractId': u'NIFTY21NOV16550PE', u'open': 1.45, u'prevOpenInterest': 5150, u'dayChange': 0.0, u'totalBuyQty': 8850.0, u'volume': 33000, u'lastTradeTime': 1637209799, u'dayChangePerc': 0.0, u'low': 0.95, u'close': 2.2, u'contractDisplayName': u""NIFTY 25 Nov '21 - 16550 Put"", u'highPriceRange': 25.9, u'openInterest': 11100, u'totalSellQty': 6350.0, u'lastTradeQty': 100}"
"{u'high': 1339.3, u'ltp': 1199.25, u'lowPriceRange': 427.25, u'growwContractId': u'NIFTY21NOV16600CE', u'open': 1339.3, u'prevOpenInterest': 13350, u'dayChange': 0.0, u'totalBuyQty': 12150.0, u'volume': 750, u'lastTradeTime': 1637209799, u'dayChangePerc': 0.0, u'low': 1127.0, u'close': 1199.25, u'contractDisplayName': u""NIFTY 25 Nov '21 - 16600 Call"", u'highPriceRange': 2126.0, u'openInterest': 13200, u'totalSellQty': 12450.0, u'lastTradeQty': 50}",1660000,"{u'high': 4.65, u'ltp': 2.25, u'lowPriceRange': 0.05, u'growwContractId': u'NIFTY21NOV16600PE', u'open': 4.65, u'prevOpenInterest': 112950, u'dayChange': 0.0, u'totalBuyQty': 77200.0, u'volume': 759000, u'lastTradeTime': 1637209799, u'dayChangePerc': 0.0, u'low': 1.9, u'close': 2.25, u'contractDisplayName': u""NIFTY 25 Nov '21 - 16600 Put"", u'highPriceRange': 22.95, u'openInterest': 249900, u'totalSellQty': 12300.0, u'lastTradeQty': 100}"
"{u'high': 1242.55, u'ltp': 1146.6, u'lowPriceRange': 372.3, u'growwContractId': u'NIFTY21NOV16650CE', u'open': 1242.55, u'prevOpenInterest': 250, u'dayChange': 0.0, u'totalBuyQty': 6450.0, u'volume': 500, u'lastTradeTime': 1637209799, u'dayChangePerc': 0.0, u'low': 1097.85, u'close': 1146.6, u'contractDisplayName': u""NIFTY 25 Nov '21 - 16650 Call"", u'highPriceRange': 2074.55, u'openInterest': 550, u'totalSellQty': 6400.0, u'lastTradeQty': 50}",1665000,"{u'high': 7.0, u'ltp': 2.8, u'lowPriceRange': 0.05, u'growwContractId': u'NIFTY21NOV16650PE', u'open': 1.9, u'prevOpenInterest': 5250, u'dayChange': 0.0, u'totalBuyQty': 14650.0, u'volume': 56950, u'lastTradeTime': 1637209799, u'dayChangePerc': 0.0, u'low': 1.55, u'close': 2.8, u'contractDisplayName': u""NIFTY 25 Nov '21 - 16650 Put"", u'highPriceRange': 24.1, u'openInterest': 10150, u'totalSellQty': 6450.0, u'lastTradeQty': 200}"
"{u'high': 1205.9, u'ltp': 1086.35, u'lowPriceRange': 341.6, u'growwContractId': u'NIFTY21NOV16700CE', u'open': 1205.9, u'prevOpenInterest': 10000, u'dayChange': 0.0, u'totalBuyQty': 13800.0, u'volume': 1400, u'lastTradeTime': 1637209799, u'dayChangePerc': 0.0, u'low': 1013.05, u'close': 1086.35, u'contractDisplayName': u""NIFTY 25 Nov '21 - 16700 Call"", u'highPriceRange': 2025.6, u'openInterest': 10050, u'totalSellQty': 12100.0, u'lastTradeQty': 50}",1670000,"{u'high': 5.15, u'ltp': 2.75, u'lowPriceRange': 0.05, u'growwContractId': u'NIFTY21NOV16700PE', u'open': 2.6, u'prevOpenInterest': 144750, u'dayChange': 0.0, u'totalBuyQty': 73500.0, u'volume': 1319500, u'lastTradeTime': 1637209799, u'dayChangePerc': 0.0, u'low': 2.1, u'close': 2.75, u'contractDisplayName': u""NIFTY 25 Nov '21 - 16700 Put"", u'highPriceRange': 26.35, u'openInterest': 439000, u'totalSellQty': 10050.0, u'lastTradeQty': 300}"
"{u'high': 1075.0, u'ltp': 1040.6, u'lowPriceRange': 272.5, u'growwContractId': u'NIFTY21NOV16750CE', u'open': 1036.45, u'prevOpenInterest': 1300, u'dayChange': 0.0, u'totalBuyQty': 8350.0, u'volume': 500, u'lastTradeTime': 1637209799, u'dayChangePerc': 0.0, u'low': 983.75, u'close': 1040.6, u'contractDisplayName': u""NIFTY 25 Nov '21 - 16750 Call"", u'highPriceRange': 1968.65, u'openInterest': 1600, u'totalSellQty': 9400.0, u'lastTradeQty': 50}",1675000,"{u'high': 6.15, u'ltp': 3.1, u'lowPriceRange': 0.05, u'growwContractId': u'NIFTY21NOV16750PE', u'open': 3.65, u'prevOpenInterest': 7250, u'dayChange': 0.0, u'totalBuyQty': 14450.0, u'volume': 115550, u'lastTradeTime': 1637209799, u'dayChangePerc': 0.0, u'low': 1.65, u'close': 3.1, u'contractDisplayName': u""NIFTY 25 Nov '21 - 16750 Put"", u'highPriceRange': 29.7, u'openInterest': 24200, u'totalSellQty': 5850.0, u'lastTradeQty': 50}"
"{u'high': 1015.0, u'ltp': 985.0, u'lowPriceRange': 219.45, u'growwContractId': u'NIFTY21NOV16800CE', u'open': 978.75, u'prevOpenInterest': 11900, u'dayChange': 0.0, u'totalBuyQty': 12300.0, u'volume': 2200, u'lastTradeTime': 1637209799, u'dayChangePerc': 0.0, u'low': 914.05, u'close': 985.0, u'contractDisplayName': u""NIFTY 25 Nov '21 - 16800 Call"", u'highPriceRange': 1912.25, u'openInterest': 12700, u'totalSellQty': 14150.0, u'lastTradeQty': 50}",1680000,"{u'high': 6.55, u'ltp': 3.35, u'lowPriceRange': 0.05, u'growwContractId': u'NIFTY21NOV16800PE', u'open': 4.35, u'prevOpenInterest': 324350, u'dayChange': 0.0, u'totalBuyQty': 61400.0, u'volume': 2164050, u'lastTradeTime': 1637209799, u'dayChangePerc': 0.0, u'low': 2.35, u'close': 3.35, u'contractDisplayName': u""NIFTY 25 Nov '21 - 16800 Put"", u'highPriceRange': 35.9, u'openInterest': 843050, u'totalSellQty': 41550.0, u'lastTradeQty': 300}"
"{u'high': 1041.75, u'ltp': 976.0, u'lowPriceRange': 168.55, u'growwContractId': u'NIFTY21NOV16850CE', u'open': 1041.75, u'prevOpenInterest': 1000, u'dayChange': 0.0, u'totalBuyQty': 6750.0, u'volume': 500, u'lastTradeTime': 1637209799, u'dayChangePerc': 0.0, u'low': 864.8, u'close': 976.0, u'contractDisplayName': u""NIFTY 25 Nov '21 - 16850 Call"", u'highPriceRange': 1849.9, u'openInterest': 1400, u'totalSellQty': 6700.0, u'lastTradeQty': 50}",1685000,"{u'high': 7.6, u'ltp': 3.8, u'lowPriceRange': 0.05, u'growwContractId': u'NIFTY21NOV16850PE', u'open': 3.3, u'prevOpenInterest': 37750, u'dayChange': 0.0, u'totalBuyQty': 30450.0, u'volume': 263500, u'lastTradeTime': 1637209799, u'dayChangePerc': 0.0, u'low': 1.85, u'close': 3.8, u'contractDisplayName': u""NIFTY 25 Nov '21 - 16850 Put"", u'highPriceRange': 43.75, u'openInterest': 55750, u'totalSellQty': 9000.0, u'lastTradeQty': 50}"
"{u'high': 970.0, u'ltp': 884.45, u'lowPriceRange': 139.65, u'growwContractId': u'NIFTY21NOV16900CE', u'open': 965.05, u'prevOpenInterest': 18750, u'dayChange': 0.0, u'totalBuyQty': 12350.0, u'volume': 4900, u'lastTradeTime': 1637209799, u'dayChangePerc': 0.0, u'low': 825.0, u'close': 884.45, u'contractDisplayName': u""NIFTY 25 Nov '21 - 16900 Call"", u'highPriceRange': 1807.1, u'openInterest': 17300, u'totalSellQty': 13350.0, u'lastTradeQty': 50}",1690000,"{u'high': 8.4, u'ltp': 4.3, u'lowPriceRange': 0.05, u'growwContractId': u'NIFTY21NOV16900PE', u'open': 3.8, u'prevOpenInterest': 592400, u'dayChange': 0.0, u'totalBuyQty': 55000.0, u'volume': 2426250, u'lastTradeTime': 1637209799, u'dayChangePerc': 0.0, u'low': 2.75, u'close': 4.3, u'contractDisplayName': u""NIFTY 25 Nov '21 - 16900 Put"", u'highPriceRange': 52.45, u'openInterest': 1026850, u'totalSellQty': 28250.0, u'lastTradeQty': 50}"
"{u'high': 941.85, u'ltp': 843.25, u'lowPriceRange': 105.35, u'growwContractId': u'NIFTY21NOV16950CE', u'open': 941.85, u'prevOpenInterest': 800, u'dayChange': 0.0, u'totalBuyQty': 6500.0, u'volume': 400, u'lastTradeTime': 1637209799, u'dayChangePerc': 0.0, u'low': 808.7, u'close': 843.25, u'contractDisplayName': u""NIFTY 25 Nov '21 - 16950 Call"", u'highPriceRange': 1757.35, u'openInterest': 1050, u'totalSellQty': 6550.0, u'lastTradeQty': 50}",1695000,"{u'high': 9.35, u'ltp': 4.7, u'lowPriceRange': 0.05, u'growwContractId': u'NIFTY21NOV16950PE', u'open': 3.85, u'prevOpenInterest': 19000, u'dayChange': 0.0, u'totalBuyQty': 34800.0, u'volume': 356700, u'lastTradeTime': 1637209799, u'dayChangePerc': 0.0, u'low': 3.15, u'close': 4.7, u'contractDisplayName': u""NIFTY 25 Nov '21 - 16950 Put"", u'highPriceRange': 62.4, u'openInterest': 80100, u'totalSellQty': 9050.0, u'lastTradeQty': 50}"
"{u'high': 935.0, u'ltp': 799.4, u'lowPriceRange': 61.65, u'growwContractId': u'NIFTY21NOV17000CE', u'open': 918.75, u'prevOpenInterest': 261200, u'dayChange': 0.0, u'totalBuyQty': 14400.0, u'volume': 120100, u'lastTradeTime': 1637209799, u'dayChangePerc': 0.0, u'low': 710.0, u'close': 799.4, u'contractDisplayName': u""NIFTY 25 Nov '21 - 17000 Call"", u'highPriceRange': 1695.45, u'openInterest': 251200, u'totalSellQty': 18750.0, u'lastTradeQty': 50}",1700000,"{u'high': 10.75, u'ltp': 5.3, u'lowPriceRange': 0.05, u'growwContractId': u'NIFTY21NOV17000PE', u'open': 6.15, u'prevOpenInterest': 1683950, u'dayChange': 0.0, u'totalBuyQty': 133500.0, u'volume': 5932150, u'lastTradeTime': 1637209799, u'dayChangePerc': 0.0, u'low': 3.8, u'close': 5.3, u'contractDisplayName': u""NIFTY 25 Nov '21 - 17000 Put"", u'highPriceRange': 73.9, u'openInterest': 2801150, u'totalSellQty': 88450.0, u'lastTradeQty': 100}"
"{u'high': 750.2, u'ltp': 744.05, u'lowPriceRange': 52.3, u'growwContractId': u'NIFTY21NOV17050CE', u'open': 742.75, u'prevOpenInterest': 1950, u'dayChange': 0.0, u'totalBuyQty': 11250.0, u'volume': 200, u'lastTradeTime': 1637209799, u'dayChangePerc': 0.0, u'low': 736.85, u'close': 744.05, u'contractDisplayName': u""NIFTY 25 Nov '21 - 17050 Call"", u'highPriceRange': 1647.2, u'openInterest': 2050, u'totalSellQty': 11350.0, u'lastTradeQty': 50}",1705000,"{u'high': 12.2, u'ltp': 5.6, u'lowPriceRange': 0.05, u'growwContractId': u'NIFTY21NOV17050PE', u'open': 5.15, u'prevOpenInterest': 30050, u'dayChange': 0.0, u'totalBuyQty': 47850.0, u'volume': 608950, u'lastTradeTime': 1637209799, u'dayChangePerc': 0.0, u'low': 3.95, u'close': 5.6, u'contractDisplayName': u""NIFTY 25 Nov '21 - 17050 Put"", u'highPriceRange': 87.45, u'openInterest': 125550, u'totalSellQty': 12700.0, u'lastTradeQty': 50}"
"{u'high': 769.0, u'ltp': 721.45, u'lowPriceRange': 0.05, u'growwContractId': u'NIFTY21NOV17100CE', u'open': 769.0, u'prevOpenInterest': 27300, u'dayChange': 0.0, u'totalBuyQty': 17100.0, u'volume': 3050, u'lastTradeTime': 1637209799, u'dayChangePerc': 0.0, u'low': 617.25, u'close': 721.45, u'contractDisplayName': u""NIFTY 25 Nov '21 - 17100 Call"", u'highPriceRange': 1571.0, u'openInterest': 27550, u'totalSellQty': 18250.0, u'lastTradeQty': 50}",1710000,"{u'high': 14.4, u'ltp': 6.45, u'lowPriceRange': 0.05, u'growwContractId': u'NIFTY21NOV17100PE', u'open': 7.1, u'prevOpenInterest': 432400, u'dayChange': 0.0, u'totalBuyQty': 72400.0, u'volume': 2284150, u'lastTradeTime': 1637209799, u'dayChangePerc': 0.0, u'low': 4.6, u'close': 6.45, u'contractDisplayName': u""NIFTY 25 Nov '21 - 17100 Put"", u'highPriceRange': 102.4, u'openInterest': 746150, u'totalSellQty': 67350.0, u'lastTradeQty': 50}"
"{u'high': 707.65, u'ltp': 668.4, u'lowPriceRange': 0.05, u'growwContractId': u'NIFTY21NOV17150CE', u'open': 575.1, u'prevOpenInterest': 3350, u'dayChange': 0.0, u'totalBuyQty': 17550.0, u'volume': 2350, u'lastTradeTime': 1637209799, u'dayChangePerc': 0.0, u'low': 575.1, u'close': 668.4, u'contractDisplayName': u""NIFTY 25 Nov '21 - 17150 Call"", u'highPriceRange': 1502.4, u'openInterest': 4300, u'totalSellQty': 15800.0, u'lastTradeQty': 50}",1715000,"{u'high': 17.4, u'ltp': 7.35, u'lowPriceRange': 0.05, u'growwContractId': u'NIFTY21NOV17150PE', u'open': 8.4, u'prevOpenInterest': 48000, u'dayChange': 0.0, u'totalBuyQty': 54250.0, u'volume': 699000, u'lastTradeTime': 1637209799, u'dayChangePerc': 0.0, u'low': 5.15, u'close': 7.35, u'contractDisplayName': u""NIFTY 25 Nov '21 - 17150 Put"", u'highPriceRange': 118.95, u'openInterest': 106000, u'totalSellQty': 17350.0, u'lastTradeQty': 50}"
"{u'high': 689.0, u'ltp': 599.75, u'lowPriceRange': 0.05, u'growwContractId': u'NIFTY21NOV17200CE', u'open': 682.9, u'prevOpenInterest': 26600, u'dayChange': 0.0, u'totalBuyQty': 16100.0, u'volume': 14400, u'lastTradeTime': 1637209799, u'dayChangePerc': 0.0, u'low': 525.0, u'close': 599.75, u'contractDisplayName': u""NIFTY 25 Nov '21 - 17200 Call"", u'highPriceRange': 1449.55, u'openInterest': 29650, u'totalSellQty': 17200.0, u'lastTradeQty': 50}",1720000,"{u'high': 20.8, u'ltp': 8.4, u'lowPriceRange': 0.05, u'growwContractId': u'NIFTY21NOV17200PE', u'open': 11.0, u'prevOpenInterest': 809750, u'dayChange': 0.0, u'totalBuyQty': 84150.0, u'volume': 4120050, u'lastTradeTime': 1637209799, u'dayChangePerc': 0.0, u'low': 6.0, u'close': 8.4, u'contractDisplayName': u""NIFTY 25 Nov '21 - 17200 Put"", u'highPriceRange': 138.0, u'openInterest': 1425200, u'totalSellQty': 79100.0, u'lastTradeQty': 50}"
"{u'high': 611.45, u'ltp': 562.3, u'lowPriceRange': 0.05, u'growwContractId': u'NIFTY21NOV17250CE', u'open': 542.0, u'prevOpenInterest': 2350, u'dayChange': 0.0, u'totalBuyQty': 18250.0, u'volume': 2500, u'lastTradeTime': 1637209799, u'dayChangePerc': 0.0, u'low': 478.05, u'close': 562.3, u'contractDisplayName': u""NIFTY 25 Nov '21 - 17250 Call"", u'highPriceRange': 1419.2, u'openInterest': 2950, u'totalSellQty': 15700.0, u'lastTradeQty': 50}",1725000,"{u'high': 25.15, u'ltp': 10.0, u'lowPriceRange': 0.05, u'growwContractId': u'NIFTY21NOV17250PE', u'open': 11.25, u'prevOpenInterest': 82100, u'dayChange': 0.0, u'totalBuyQty': 67900.0, u'volume': 1045250, u'lastTradeTime': 1637209799, u'dayChangePerc': 0.0, u'low': 6.5, u'close': 10.0, u'contractDisplayName': u""NIFTY 25 Nov '21 - 17250 Put"", u'highPriceRange': 158.55, u'openInterest': 209750, u'totalSellQty': 17300.0, u'lastTradeQty': 50}"
"{u'high': 637.75, u'ltp': 509.75, u'lowPriceRange': 0.05, u'growwContractId': u'NIFTY21NOV17300CE', u'open': 632.0, u'prevOpenInterest': 33250, u'dayChange': 0.0, u'totalBuyQty': 18550.0, u'volume': 86900, u'lastTradeTime': 1637209799, u'dayChangePerc': 0.0, u'low': 429.3, u'close': 509.75, u'contractDisplayName': u""NIFTY 25 Nov '21 - 17300 Call"", u'highPriceRange': 1335.95, u'openInterest': 58750, u'totalSellQty': 18500.0, u'lastTradeQty': 50}",1730000,"{u'high': 31.5, u'ltp': 12.0, u'lowPriceRange': 0.05, u'growwContractId': u'NIFTY21NOV17300PE', u'open': 19.35, u'prevOpenInterest': 1303650, u'dayChange': 0.0, u'totalBuyQty': 96950.0, u'volume': 6637050, u'lastTradeTime': 1637209799, u'dayChangePerc': 0.0, u'low': 7.85, u'close': 12.0, u'contractDisplayName': u""NIFTY 25 Nov '21 - 17300 Put"", u'highPriceRange': 181.5, u'openInterest': 2414600, u'totalSellQty': 37000.0, u'lastTradeQty': 50}"
"{u'high': 545.15, u'ltp': 484.5, u'lowPriceRange': 0.05, u'growwContractId': u'NIFTY21NOV17350CE', u'open': 545.15, u'prevOpenInterest': 3700, u'dayChange': 0.0, u'totalBuyQty': 14150.0, u'volume': 8950, u'lastTradeTime': 1637209799, u'dayChangePerc': 0.0, u'low': 387.65, u'close': 484.5, u'contractDisplayName': u""NIFTY 25 Nov '21 - 17350 Call"", u'highPriceRange': 1259.2, u'openInterest': 7900, u'totalSellQty': 15000.0, u'lastTradeQty': 50}",1735000,"{u'high': 37.75, u'ltp': 14.55, u'lowPriceRange': 0.05, u'growwContractId': u'NIFTY21NOV17350PE', u'open': 18.0, u'prevOpenInterest': 116650, u'dayChange': 0.0, u'totalBuyQty': 79000.0, u'volume': 1780200, u'lastTradeTime': 1637209799, u'dayChangePerc': 0.0, u'low': 9.7, u'close': 14.55, u'contractDisplayName': u""NIFTY 25 Nov '21 - 17350 Put"", u'highPriceRange': 206.95, u'openInterest': 500150, u'totalSellQty': 19000.0, u'lastTradeQty': 50}"
"{u'high': 552.55, u'ltp': 420.2, u'lowPriceRange': 0.05, u'growwContractId': u'NIFTY21NOV17400CE', u'open': 540.75, u'prevOpenInterest': 53000, u'dayChange': 0.0, u'totalBuyQty': 86800.0, u'volume': 226600, u'lastTradeTime': 1637209799, u'dayChangePerc': 0.0, u'low': 342.1, u'close': 420.2, u'contractDisplayName': u""NIFTY 25 Nov '21 - 17400 Call"", u'highPriceRange': 1211.65, u'openInterest': 98300, u'totalSellQty': 16550.0, u'lastTradeQty': 150}",1740000,"{u'high': 47.0, u'ltp': 19.55, u'lowPriceRange': 0.05, u'growwContractId': u'NIFTY21NOV17400PE', u'open': 20.05, u'prevOpenInterest': 2354300, u'dayChange': 0.0, u'totalBuyQty': 133100.0, u'volume': 8931900, u'lastTradeTime': 1637209799, u'dayChangePerc': 0.0, u'low': 12.65, u'close': 19.55, u'contractDisplayName': u""NIFTY 25 Nov '21 - 17400 Put"", u'highPriceRange': 234.75, u'openInterest': 2924450, u'totalSellQty': 34650.0, u'lastTradeQty': 150}"
"{u'high': 454.9, u'ltp': 367.3, u'lowPriceRange': 0.05, u'growwContractId': u'NIFTY21NOV17450CE', u'open': 454.9, u'prevOpenInterest': 4500, u'dayChange': 0.0, u'totalBuyQty': 17650.0, u'volume': 17800, u'lastTradeTime': 1637209799, u'dayChangePerc': 0.0, u'low': 306.95, u'close': 367.3, u'contractDisplayName': u""NIFTY 25 Nov '21 - 17450 Call"", u'highPriceRange': 1142.45, u'openInterest': 8200, u'totalSellQty': 13000.0, u'lastTradeQty': 50}",1745000,"{u'high': 57.15, u'ltp': 24.85, u'lowPriceRange': 0.05, u'growwContractId': u'NIFTY21NOV17450PE', u'open': 30.0, u'prevOpenInterest': 110800, u'dayChange': 0.0, u'totalBuyQty': 60500.0, u'volume': 3182200, u'lastTradeTime': 1637209799, u'dayChangePerc': 0.0, u'low': 16.2, u'close': 24.85, u'contractDisplayName': u""NIFTY 25 Nov '21 - 17450 Put"", u'highPriceRange': 265.3, u'openInterest': 426850, u'totalSellQty': 24400.0, u'lastTradeQty': 50}"
"{u'high': 469.2, u'ltp': 328.0, u'lowPriceRange': 0.05, u'growwContractId': u'NIFTY21NOV17500CE', u'open': 419.95, u'prevOpenInterest': 418300, u'dayChange': 0.0, u'totalBuyQty': 32250.0, u'volume': 1235800, u'lastTradeTime': 1637209799, u'dayChangePerc': 0.0, u'low': 266.65, u'close': 328.0, u'contractDisplayName': u""NIFTY 25 Nov '21 - 17500 Call"", u'highPriceRange': 1075.0, u'openInterest': 590000, u'totalSellQty': 40600.0, u'lastTradeQty': 50}",1750000,"{u'high': 70.4, u'ltp': 32.55, u'lowPriceRange': 0.05, u'growwContractId': u'NIFTY21NOV17500PE', u'open': 31.25, u'prevOpenInterest': 2503100, u'dayChange': 0.0, u'totalBuyQty': 284200.0, u'volume': 15302350, u'lastTradeTime': 1637209799, u'dayChangePerc': 0.0, u'low': 21.25, u'close': 32.55, u'contractDisplayName': u""NIFTY 25 Nov '21 - 17500 Put"", u'highPriceRange': 298.5, u'openInterest': 3101250, u'totalSellQty': 162300.0, u'lastTradeQty': 50}"
"{u'high': 415.0, u'ltp': 283.7, u'lowPriceRange': 0.05, u'growwContractId': u'NIFTY21NOV17550CE', u'open': 361.05, u'prevOpenInterest': 11200, u'dayChange': 0.0, u'totalBuyQty': 15900.0, u'volume': 76900, u'lastTradeTime': 1637209799, u'dayChangePerc': 0.0, u'low': 231.35, u'close': 283.7, u'contractDisplayName': u""NIFTY 25 Nov '21 - 17550 Call"", u'highPriceRange': 1005.35, u'openInterest': 17400, u'totalSellQty': 16350.0, u'lastTradeQty': 50}",1755000,"{u'high': 84.15, u'ltp': 41.5, u'lowPriceRange': 0.05, u'growwContractId': u'NIFTY21NOV17550PE', u'open': 39.0, u'prevOpenInterest': 229750, u'dayChange': 0.0, u'totalBuyQty': 28450.0, u'volume': 3152250, u'lastTradeTime': 1637209799, u'dayChangePerc': 0.0, u'low': 26.85, u'close': 41.5, u'contractDisplayName': u""NIFTY 25 Nov '21 - 17550 Put"", u'highPriceRange': 332.95, u'openInterest': 418000, u'totalSellQty': 17850.0, u'lastTradeQty': 50}"
"{u'high': 382.45, u'ltp': 243.35, u'lowPriceRange': 0.05, u'growwContractId': u'NIFTY21NOV17600CE', u'open': 338.0, u'prevOpenInterest': 110100, u'dayChange': 0.0, u'totalBuyQty': 56700.0, u'volume': 1280050, u'lastTradeTime': 1637209799, u'dayChangePerc': 0.0, u'low': 198.0, u'close': 243.35, u'contractDisplayName': u""NIFTY 25 Nov '21 - 17600 Call"", u'highPriceRange': 939.7, u'openInterest': 233400, u'totalSellQty': 23450.0, u'lastTradeQty': 50}",1760000,"{u'high': 102.0, u'ltp': 52.4, u'lowPriceRange': 0.05, u'growwContractId': u'NIFTY21NOV17600PE', u'open': 47.95, u'prevOpenInterest': 1292650, u'dayChange': 0.0, u'totalBuyQty': 93050.0, u'volume': 11229100, u'lastTradeTime': 1637209799, u'dayChangePerc': 0.0, u'low': 34.45, u'close': 52.4, u'contractDisplayName': u""NIFTY 25 Nov '21 - 17600 Put"", u'highPriceRange': 371.6, u'openInterest': 1828000, u'totalSellQty': 78150.0, u'lastTradeQty': 50}"
"{u'high': 333.05, u'ltp': 209.55, u'lowPriceRange': 0.05, u'growwContractId': u'NIFTY21NOV17650CE', u'open': 298.55, u'prevOpenInterest': 13300, u'dayChange': 0.0, u'totalBuyQty': 63050.0, u'volume': 272900, u'lastTradeTime': 1637209799, u'dayChangePerc': 0.0, u'low': 168.0, u'close': 209.55, u'contractDisplayName': u""NIFTY 25 Nov '21 - 17650 Call"", u'highPriceRange': 878.35, u'openInterest': 42450, u'totalSellQty': 14600.0, u'lastTradeQty': 50}",1765000,"{u'high': 123.05, u'ltp': 64.85, u'lowPriceRange': 0.05, u'growwContractId': u'NIFTY21NOV17650PE', u'open': 57.65, u'prevOpenInterest': 209800, u'dayChange': 0.0, u'totalBuyQty': 27250.0, u'volume': 3459450, u'lastTradeTime': 1637209799, u'dayChangePerc': 0.0, u'low': 42.5, u'close': 64.85, u'contractDisplayName': u""NIFTY 25 Nov '21 - 17650 Put"", u'highPriceRange': 411.95, u'openInterest': 378500, u'totalSellQty': 42700.0, u'lastTradeQty': 50}"
"{u'high': 298.25, u'ltp': 176.9, u'lowPriceRange': 0.05, u'growwContractId': u'NIFTY21NOV17700CE', u'open': 265.95, u'prevOpenInterest': 431200, u'dayChange': 0.0, u'totalBuyQty': 88050.0, u'volume': 7771300, u'lastTradeTime': 1637209799, u'dayChangePerc': 0.0, u'low': 141.5, u'close': 176.9, u'contractDisplayName': u""NIFTY 25 Nov '21 - 17700 Call"", u'highPriceRange': 815.35, u'openInterest': 967000, u'totalSellQty': 58950.0, u'lastTradeQty': 50}",1770000,"{u'high': 144.85, u'ltp': 81.15, u'lowPriceRange': 0.05, u'growwContractId': u'NIFTY21NOV17700PE', u'open': 79.0, u'prevOpenInterest': 1667100, u'dayChange': 0.0, u'totalBuyQty': 78550.0, u'volume': 14496200, u'lastTradeTime': 1637209799, u'dayChangePerc': 0.0, u'low': 51.6, u'close': 81.15, u'contractDisplayName': u""NIFTY 25 Nov '21 - 17700 Put"", u'highPriceRange': 454.75, u'openInterest': 1983500, u'totalSellQty': 94750.0, u'lastTradeQty': 100}"
"{u'high': 260.85, u'ltp': 144.4, u'lowPriceRange': 0.05, u'growwContractId': u'NIFTY21NOV17750CE', u'open': 226.65, u'prevOpenInterest': 26200, u'dayChange': 0.0, u'totalBuyQty': 81500.0, u'volume': 4097200, u'lastTradeTime': 1637209799, u'dayChangePerc': 0.0, u'low': 117.7, u'close': 144.4, u'contractDisplayName': u""NIFTY 25 Nov '21 - 17750 Call"", u'highPriceRange': 751.3, u'openInterest': 435700, u'totalSellQty': 67350.0, u'lastTradeQty': 100}",1775000,"{u'high': 170.5, u'ltp': 103.9, u'lowPriceRange': 0.05, u'growwContractId': u'NIFTY21NOV17750PE', u'open': 87.05, u'prevOpenInterest': 146650, u'dayChange': 0.0, u'totalBuyQty': 41850.0, u'volume': 5123100, u'lastTradeTime': 1637209799, u'dayChangePerc': 0.0, u'low': 63.85, u'close': 103.9, u'contractDisplayName': u""NIFTY 25 Nov '21 - 17750 Put"", u'highPriceRange': 500.15, u'openInterest': 434950, u'totalSellQty': 40850.0, u'lastTradeQty': 100}"
"{u'high': 249.95, u'ltp': 119.4, u'lowPriceRange': 0.05, u'growwContractId': u'NIFTY21NOV17800CE', u'open': 202.35, u'prevOpenInterest': 635750, u'dayChange': 0.0, u'totalBuyQty': 183400.0, u'volume': 20307700, u'lastTradeTime': 1637209799, u'dayChangePerc': 0.0, u'low': 96.0, u'close': 119.4, u'contractDisplayName': u""NIFTY 25 Nov '21 - 17800 Call"", u'highPriceRange': 689.4, u'openInterest': 2631350, u'totalSellQty': 272650.0, u'lastTradeQty': 50}",1780000,"{u'high': 200.0, u'ltp': 122.85, u'lowPriceRange': 0.05, u'growwContractId': u'NIFTY21NOV17800PE', u'open': 111.8, u'prevOpenInterest': 1988400, u'dayChange': 0.0, u'totalBuyQty': 97200.0, u'volume': 17623500, u'lastTradeTime': 1637209799, u'dayChangePerc': 0.0, u'low': 78.05, u'close': 122.85, u'contractDisplayName': u""NIFTY 25 Nov '21 - 17800 Put"", u'highPriceRange': 548.55, u'openInterest': 2435650, u'totalSellQty': 58150.0, u'lastTradeQty': 50}"
"{u'high': 190.35, u'ltp': 95.25, u'lowPriceRange': 0.05, u'growwContractId': u'NIFTY21NOV17850CE', u'open': 181.25, u'prevOpenInterest': 95050, u'dayChange': 0.0, u'totalBuyQty': 75450.0, u'volume': 4246300, u'lastTradeTime': 1637209799, u'dayChangePerc': 0.0, u'low': 77.45, u'close': 95.25, u'contractDisplayName': u""NIFTY 25 Nov '21 - 17850 Call"", u'highPriceRange': 631.8, u'openInterest': 617700, u'totalSellQty': 119750.0, u'lastTradeQty': 100}",1785000,"{u'high': 230.95, u'ltp': 148.6, u'lowPriceRange': 0.05, u'growwContractId': u'NIFTY21NOV17850PE', u'open': 130.0, u'prevOpenInterest': 190000, u'dayChange': 0.0, u'totalBuyQty': 14800.0, u'volume': 2372250, u'lastTradeTime': 1637209799, u'dayChangePerc': 0.0, u'low': 94.75, u'close': 148.6, u'contractDisplayName': u""NIFTY 25 Nov '21 - 17850 Put"", u'highPriceRange': 599.9, u'openInterest': 196750, u'totalSellQty': 20300.0, u'lastTradeQty': 50}"
"{u'high': 160.5, u'ltp': 74.8, u'lowPriceRange': 0.05, u'growwContractId': u'NIFTY21NOV17900CE', u'open': 153.85, u'prevOpenInterest': 837400, u'dayChange': 0.0, u'totalBuyQty': 150600.0, u'volume': 20514000, u'lastTradeTime': 1637209799, u'dayChangePerc': 0.0, u'low': 61.0, u'close': 74.8, u'contractDisplayName': u""NIFTY 25 Nov '21 - 17900 Call"", u'highPriceRange': 574.9, u'openInterest': 3528700, u'totalSellQty': 324350.0, u'lastTradeQty': 50}",1790000,"{u'high': 266.5, u'ltp': 179.2, u'lowPriceRange': 0.05, u'growwContractId': u'NIFTY21NOV17900PE', u'open': 154.95, u'prevOpenInterest': 1245000, u'dayChange': 0.0, u'totalBuyQty': 73350.0, u'volume': 9281300, u'lastTradeTime': 1637209799, u'dayChangePerc': 0.0, u'low': 113.2, u'close': 179.2, u'contractDisplayName': u""NIFTY 25 Nov '21 - 17900 Put"", u'highPriceRange': 653.0, u'openInterest': 1282600, u'totalSellQty': 38750.0, u'lastTradeQty': 50}"
"{u'high': 132.9, u'ltp': 56.5, u'lowPriceRange': 0.05, u'growwContractId': u'NIFTY21NOV17950CE', u'open': 119.05, u'prevOpenInterest': 212050, u'dayChange': 0.0, u'totalBuyQty': 79150.0, u'volume': 4960000, u'lastTradeTime': 1637209799, u'dayChangePerc': 0.0, u'low': 48.8, u'close': 56.5, u'contractDisplayName': u""NIFTY 25 Nov '21 - 17950 Call"", u'highPriceRange': 522.7, u'openInterest': 935950, u'totalSellQty': 80450.0, u'lastTradeQty': 50}",1795000,"{u'high': 302.45, u'ltp': 214.6, u'lowPriceRange': 0.05, u'growwContractId': u'NIFTY21NOV17950PE', u'open': 171.4, u'prevOpenInterest': 184950, u'dayChange': 0.0, u'totalBuyQty': 18950.0, u'volume': 1455000, u'lastTradeTime': 1637209799, u'dayChangePerc': 0.0, u'low': 135.6, u'close': 214.6, u'contractDisplayName': u""NIFTY 25 Nov '21 - 17950 Put"", u'highPriceRange': 707.6, u'openInterest': 98050, u'totalSellQty': 16450.0, u'lastTradeQty': 300}"
"{u'high': 108.0, u'ltp': 44.75, u'lowPriceRange': 0.05, u'growwContractId': u'NIFTY21NOV18000CE', u'open': 98.5, u'prevOpenInterest': 3171700, u'dayChange': 0.0, u'totalBuyQty': 248300.0, u'volume': 26004100, u'lastTradeTime': 1637209799, u'dayChangePerc': 0.0, u'low': 38.0, u'close': 44.75, u'contractDisplayName': u""NIFTY 25 Nov '21 - 18000 Call"", u'highPriceRange': 470.05, u'openInterest': 5811150, u'totalSellQty': 734950.0, u'lastTradeQty': 1400}",1800000,"{u'high': 344.35, u'ltp': 248.0, u'lowPriceRange': 0.05, u'growwContractId': u'NIFTY21NOV18000PE', u'open': 202.95, u'prevOpenInterest': 1964150, u'dayChange': 0.0, u'totalBuyQty': 99900.0, u'volume': 6709350, u'lastTradeTime': 1637209799, u'dayChangePerc': 0.0, u'low': 160.95, u'close': 248.0, u'contractDisplayName': u""NIFTY 25 Nov '21 - 18000 Put"", u'highPriceRange': 766.8, u'openInterest': 1692200, u'totalSellQty': 42100.0, u'lastTradeQty': 50}"
"{u'high': 86.55, u'ltp': 34.0, u'lowPriceRange': 0.05, u'growwContractId': u'NIFTY21NOV18050CE', u'open': 42.4, u'prevOpenInterest': 392600, u'dayChange': 0.0, u'totalBuyQty': 54950.0, u'volume': 3858650, u'lastTradeTime': 1637209799, u'dayChangePerc': 0.0, u'low': 28.05, u'close': 34.0, u'contractDisplayName': u""NIFTY 25 Nov '21 - 18050 Call"", u'highPriceRange': 422.35, u'openInterest': 836900, u'totalSellQty': 100100.0, u'lastTradeQty': 50}",1805000,"{u'high': 386.95, u'ltp': 289.65, u'lowPriceRange': 0.05, u'growwContractId': u'NIFTY21NOV18050PE', u'open': 234.45, u'prevOpenInterest': 105350, u'dayChange': 0.0, u'totalBuyQty': 19250.0, u'volume': 500400, u'lastTradeTime': 1637209799, u'dayChangePerc': 0.0, u'low': 189.85, u'close': 289.65, u'contractDisplayName': u""NIFTY 25 Nov '21 - 18050 Put"", u'highPriceRange': 828.15, u'openInterest': 83500, u'totalSellQty': 17300.0, u'lastTradeQty': 50}"
"{u'high': 69.5, u'ltp': 26.65, u'lowPriceRange': 0.05, u'growwContractId': u'NIFTY21NOV18100CE', u'open': 50.0, u'prevOpenInterest': 2107950, u'dayChange': 0.0, u'totalBuyQty': 93500.0, u'volume': 13954700, u'lastTradeTime': 1637209799, u'dayChangePerc': 0.0, u'low': 21.1, u'close': 26.65, u'contractDisplayName': u""NIFTY 25 Nov '21 - 18100 Call"", u'highPriceRange': 379.7, u'openInterest': 2971300, u'totalSellQty': 290400.0, u'lastTradeQty': 50}",1810000,"{u'high': 430.3, u'ltp': 329.0, u'lowPriceRange': 0.05, u'growwContractId': u'NIFTY21NOV18100PE', u'open': 267.1, u'prevOpenInterest': 816800, u'dayChange': 0.0, u'totalBuyQty': 22400.0, u'volume': 1425400, u'lastTradeTime': 1637209799, u'dayChangePerc': 0.0, u'low': 219.0, u'close': 329.0, u'contractDisplayName': u""NIFTY 25 Nov '21 - 18100 Put"", u'highPriceRange': 890.9, u'openInterest': 611600, u'totalSellQty': 22450.0, u'lastTradeQty': 50}"
"{u'high': 60.0, u'ltp': 19.95, u'lowPriceRange': 0.05, u'growwContractId': u'NIFTY21NOV18150CE', u'open': 60.0, u'prevOpenInterest': 420400, u'dayChange': 0.0, u'totalBuyQty': 59800.0, u'volume': 3297500, u'lastTradeTime': 1637209799, u'dayChangePerc': 0.0, u'low': 15.0, u'close': 19.95, u'contractDisplayName': u""NIFTY 25 Nov '21 - 18150 Call"", u'highPriceRange': 340.2, u'openInterest': 801950, u'totalSellQty': 79200.0, u'lastTradeQty': 50}",1815000,"{u'high': 474.75, u'ltp': 378.35, u'lowPriceRange': 0.05, u'growwContractId': u'NIFTY21NOV18150PE', u'open': 309.95, u'prevOpenInterest': 63550, u'dayChange': 0.0, u'totalBuyQty': 17850.0, u'volume': 95300, u'lastTradeTime': 1637209799, u'dayChangePerc': 0.0, u'low': 251.35, u'close': 378.35, u'contractDisplayName': u""NIFTY 25 Nov '21 - 18150 Put"", u'highPriceRange': 952.1, u'openInterest': 56800, u'totalSellQty': 16650.0, u'lastTradeQty': 50}"
"{u'high': 59.95, u'ltp': 15.1, u'lowPriceRange': 0.05, u'growwContractId': u'NIFTY21NOV18200CE', u'open': 40.05, u'prevOpenInterest': 2216100, u'dayChange': 0.0, u'totalBuyQty': 99200.0, u'volume': 12481600, u'lastTradeTime': 1637209799, u'dayChangePerc': 0.0, u'low': 11.6, u'close': 15.1, u'contractDisplayName': u""NIFTY 25 Nov '21 - 18200 Call"", u'highPriceRange': 303.2, u'openInterest': 2793850, u'totalSellQty': 256750.0, u'lastTradeQty': 50}",1820000,"{u'high': 519.95, u'ltp': 420.15, u'lowPriceRange': 0.05, u'growwContractId': u'NIFTY21NOV18200PE', u'open': 335.0, u'prevOpenInterest': 639900, u'dayChange': 0.0, u'totalBuyQty': 23900.0, u'volume': 910800, u'lastTradeTime': 1637209799, u'dayChangePerc': 0.0, u'low': 295.0, u'close': 420.15, u'contractDisplayName': u""NIFTY 25 Nov '21 - 18200 Put"", u'highPriceRange': 1020.65, u'openInterest': 509450, u'totalSellQty': 22550.0, u'lastTradeQty': 50}"
"{u'high': 35.6, u'ltp': 11.15, u'lowPriceRange': 0.05, u'growwContractId': u'NIFTY21NOV18250CE', u'open': 32.0, u'prevOpenInterest': 494700, u'dayChange': 0.0, u'totalBuyQty': 78650.0, u'volume': 2901450, u'lastTradeTime': 1637209799, u'dayChangePerc': 0.0, u'low': 8.6, u'close': 11.15, u'contractDisplayName': u""NIFTY 25 Nov '21 - 18250 Call"", u'highPriceRange': 270.5, u'openInterest': 867600, u'totalSellQty': 68300.0, u'lastTradeQty': 100}",1825000,"{u'high': 565.8, u'ltp': 467.8, u'lowPriceRange': 0.05, u'growwContractId': u'NIFTY21NOV18250PE', u'open': 410.1, u'prevOpenInterest': 36050, u'dayChange': 0.0, u'totalBuyQty': 17150.0, u'volume': 44500, u'lastTradeTime': 1637209799, u'dayChangePerc': 0.0, u'low': 344.0, u'close': 467.8, u'contractDisplayName': u""NIFTY 25 Nov '21 - 18250 Put"", u'highPriceRange': 1083.45, u'openInterest': 31600, u'totalSellQty': 14550.0, u'lastTradeQty': 50}"
"{u'high': 36.85, u'ltp': 8.8, u'lowPriceRange': 0.05, u'growwContractId': u'NIFTY21NOV18300CE', u'open': 25.95, u'prevOpenInterest': 1931000, u'dayChange': 0.0, u'totalBuyQty': 89850.0, u'volume': 10008600, u'lastTradeTime': 1637209799, u'dayChangePerc': 0.0, u'low': 7.0, u'close': 8.8, u'contractDisplayName': u""NIFTY 25 Nov '21 - 18300 Call"", u'highPriceRange': 239.95, u'openInterest': 2679600, u'totalSellQty': 105300.0, u'lastTradeQty': 100}",1830000,"{u'high': 610.9, u'ltp': 514.2, u'lowPriceRange': 0.05, u'growwContractId': u'NIFTY21NOV18300PE', u'open': 450.0, u'prevOpenInterest': 530100, u'dayChange': 0.0, u'totalBuyQty': 20150.0, u'volume': 208450, u'lastTradeTime': 1637209799, u'dayChangePerc': 0.0, u'low': 380.0, u'close': 514.2, u'contractDisplayName': u""NIFTY 25 Nov '21 - 18300 Put"", u'highPriceRange': 1150.1, u'openInterest': 494550, u'totalSellQty': 17050.0, u'lastTradeQty': 50}"
"{u'high': 21.25, u'ltp': 7.0, u'lowPriceRange': 0.05, u'growwContractId': u'NIFTY21NOV18350CE', u'open': 10.1, u'prevOpenInterest': 401500, u'dayChange': 0.0, u'totalBuyQty': 62450.0, u'volume': 2204550, u'lastTradeTime': 1637209799, u'dayChangePerc': 0.0, u'low': 5.05, u'close': 7.0, u'contractDisplayName': u""NIFTY 25 Nov '21 - 18350 Call"", u'highPriceRange': 211.9, u'openInterest': 477800, u'totalSellQty': 37550.0, u'lastTradeQty': 50}",1835000,"{u'high': 648.0, u'ltp': 560.8, u'lowPriceRange': 0.05, u'growwContractId': u'NIFTY21NOV18350PE', u'open': 461.5, u'prevOpenInterest': 13700, u'dayChange': 0.0, u'totalBuyQty': 15350.0, u'volume': 9200, u'lastTradeTime': 1637209799, u'dayChangePerc': 0.0, u'low': 425.05, u'close': 560.8, u'contractDisplayName': u""NIFTY 25 Nov '21 - 18350 Put"", u'highPriceRange': 1218.5, u'openInterest': 12650, u'totalSellQty': 13450.0, u'lastTradeQty': 50}"
"{u'high': 17.45, u'ltp': 5.7, u'lowPriceRange': 0.05, u'growwContractId': u'NIFTY21NOV18400CE', u'open': 13.95, u'prevOpenInterest': 1501400, u'dayChange': 0.0, u'totalBuyQty': 106300.0, u'volume': 8064900, u'lastTradeTime': 1637209799, u'dayChangePerc': 0.0, u'low': 4.65, u'close': 5.7, u'contractDisplayName': u""NIFTY 25 Nov '21 - 18400 Call"", u'highPriceRange': 187.3, u'openInterest': 2551550, u'totalSellQty': 86950.0, u'lastTradeQty': 50}",1840000,"{u'high': 710.0, u'ltp': 609.05, u'lowPriceRange': 0.05, u'growwContractId': u'NIFTY21NOV18400PE', u'open': 520.0, u'prevOpenInterest': 102050, u'dayChange': 0.0, u'totalBuyQty': 20450.0, u'volume': 52100, u'lastTradeTime': 1637209799, u'dayChangePerc': 0.0, u'low': 475.6, u'close': 609.05, u'contractDisplayName': u""NIFTY 25 Nov '21 - 18400 Put"", u'highPriceRange': 1279.0, u'openInterest': 91600, u'totalSellQty': 19250.0, u'lastTradeQty': 50}"
"{u'high': 14.7, u'ltp': 4.9, u'lowPriceRange': 0.05, u'growwContractId': u'NIFTY21NOV18450CE', u'open': 10.15, u'prevOpenInterest': 212750, u'dayChange': 0.0, u'totalBuyQty': 42900.0, u'volume': 1273250, u'lastTradeTime': 1637209799, u'dayChangePerc': 0.0, u'low': 3.35, u'close': 4.9, u'contractDisplayName': u""NIFTY 25 Nov '21 - 18450 Call"", u'highPriceRange': 164.85, u'openInterest': 316600, u'totalSellQty': 32600.0, u'lastTradeQty': 50}",1845000,"{u'high': 730.55, u'ltp': 658.8, u'lowPriceRange': 0.05, u'growwContractId': u'NIFTY21NOV18450PE', u'open': 520.3, u'prevOpenInterest': 7400, u'dayChange': 0.0, u'totalBuyQty': 11150.0, u'volume': 5000, u'lastTradeTime': 1637209799, u'dayChangePerc': 0.0, u'low': 520.3, u'close': 658.8, u'contractDisplayName': u""NIFTY 25 Nov '21 - 18450 Put"", u'highPriceRange': 1346.35, u'openInterest': 6750, u'totalSellQty': 13800.0, u'lastTradeQty': 50}"
"{u'high': 11.85, u'ltp': 4.5, u'lowPriceRange': 0.05, u'growwContractId': u'NIFTY21NOV18500CE', u'open': 10.4, u'prevOpenInterest': 2389700, u'dayChange': 0.0, u'totalBuyQty': 123550.0, u'volume': 9525900, u'lastTradeTime': 1637209799, u'dayChangePerc': 0.0, u'low': 3.75, u'close': 4.5, u'contractDisplayName': u""NIFTY 25 Nov '21 - 18500 Call"", u'highPriceRange': 144.65, u'openInterest': 4149000, u'totalSellQty': 159700.0, u'lastTradeQty': 50}",1850000,"{u'high': 808.6, u'ltp': 712.05, u'lowPriceRange': 0.05, u'growwContractId': u'NIFTY21NOV18500PE', u'open': 592.05, u'prevOpenInterest': 464000, u'dayChange': 0.0, u'totalBuyQty': 23450.0, u'volume': 150100, u'lastTradeTime': 1637209799, u'dayChangePerc': 0.0, u'low': 561.7, u'close': 712.05, u'contractDisplayName': u""NIFTY 25 Nov '21 - 18500 Put"", u'highPriceRange': 1409.5, u'openInterest': 458100, u'totalSellQty': 17250.0, u'lastTradeQty': 50}"
"{u'high': 9.55, u'ltp': 3.95, u'lowPriceRange': 0.05, u'growwContractId': u'NIFTY21NOV18550CE', u'open': 9.4, u'prevOpenInterest': 149200, u'dayChange': 0.0, u'totalBuyQty': 68500.0, u'volume': 747100, u'lastTradeTime': 1637209799, u'dayChangePerc': 0.0, u'low': 3.35, u'close': 3.95, u'contractDisplayName': u""NIFTY 25 Nov '21 - 18550 Call"", u'highPriceRange': 126.4, u'openInterest': 221650, u'totalSellQty': 17500.0, u'lastTradeQty': 50}",1855000,"{u'high': 858.65, u'ltp': 764.8, u'lowPriceRange': 0.05, u'growwContractId': u'NIFTY21NOV18550PE', u'open': 780.0, u'prevOpenInterest': 7300, u'dayChange': 0.0, u'totalBuyQty': 15100.0, u'volume': 1250, u'lastTradeTime': 1637209799, u'dayChangePerc': 0.0, u'low': 732.0, u'close': 764.8, u'contractDisplayName': u""NIFTY 25 Nov '21 - 18550 Put"", u'highPriceRange': 1467.65, u'openInterest': 7350, u'totalSellQty': 13800.0, u'lastTradeQty': 50}"
"{u'high': 12.4, u'ltp': 3.95, u'lowPriceRange': 0.05, u'growwContractId': u'NIFTY21NOV18600CE', u'open': 7.0, u'prevOpenInterest': 1255150, u'dayChange': 0.0, u'totalBuyQty': 134600.0, u'volume': 7601550, u'lastTradeTime': 1637209799, u'dayChangePerc': 0.0, u'low': 3.3, u'close': 3.95, u'contractDisplayName': u""NIFTY 25 Nov '21 - 18600 Call"", u'highPriceRange': 110.1, u'openInterest': 3931400, u'totalSellQty': 114200.0, u'lastTradeQty': 50}",1860000,"{u'high': 907.1, u'ltp': 795.0, u'lowPriceRange': 0.05, u'growwContractId': u'NIFTY21NOV18600PE', u'open': 710.0, u'prevOpenInterest': 168000, u'dayChange': 0.0, u'totalBuyQty': 19200.0, u'volume': 31050, u'lastTradeTime': 1637209799, u'dayChangePerc': 0.0, u'low': 674.0, u'close': 795.0, u'contractDisplayName': u""NIFTY 25 Nov '21 - 18600 Put"", u'highPriceRange': 1530.75, u'openInterest': 163750, u'totalSellQty': 19100.0, u'lastTradeQty': 50}"
"{u'high': 8.0, u'ltp': 3.55, u'lowPriceRange': 0.05, u'growwContractId': u'NIFTY21NOV18650CE', u'open': 7.95, u'prevOpenInterest': 193500, u'dayChange': 0.0, u'totalBuyQty': 57650.0, u'volume': 511100, u'lastTradeTime': 1637209799, u'dayChangePerc': 0.0, u'low': 2.7, u'close': 3.55, u'contractDisplayName': u""NIFTY 25 Nov '21 - 18650 Call"", u'highPriceRange': 95.85, u'openInterest': 187600, u'totalSellQty': 10900.0, u'lastTradeQty': 50}",1865000,"{u'high': 906.35, u'ltp': 863.85, u'lowPriceRange': 24.0, u'growwContractId': u'NIFTY21NOV18650PE', u'open': 906.35, u'prevOpenInterest': 9300, u'dayChange': 0.0, u'totalBuyQty': 9100.0, u'volume': 900, u'lastTradeTime': 1637209799, u'dayChangePerc': 0.0, u'low': 820.0, u'close': 863.85, u'contractDisplayName': u""NIFTY 25 Nov '21 - 18650 Put"", u'highPriceRange': 1604.7, u'openInterest': 9250, u'totalSellQty': 14250.0, u'lastTradeQty': 100}"
"{u'high': 8.4, u'ltp': 2.9, u'lowPriceRange': 0.05, u'growwContractId': u'NIFTY21NOV18700CE', u'open': 4.6, u'prevOpenInterest': 1106900, u'dayChange': 0.0, u'totalBuyQty': 112900.0, u'volume': 3882250, u'lastTradeTime': 1637209799, u'dayChangePerc': 0.0, u'low': 2.45, u'close': 2.9, u'contractDisplayName': u""NIFTY 25 Nov '21 - 18700 Call"", u'highPriceRange': 82.65, u'openInterest': 1957650, u'totalSellQty': 33350.0, u'lastTradeQty': 100}",1870000,"{u'high': 979.25, u'ltp': 909.1, u'lowPriceRange': 54.85, u'growwContractId': u'NIFTY21NOV18700PE', u'open': 787.25, u'prevOpenInterest': 46400, u'dayChange': 0.0, u'totalBuyQty': 13300.0, u'volume': 4450, u'lastTradeTime': 1637209799, u'dayChangePerc': 0.0, u'low': 761.1, u'close': 909.1, u'contractDisplayName': u""NIFTY 25 Nov '21 - 18700 Put"", u'highPriceRange': 1658.25, u'openInterest': 46850, u'totalSellQty': 11000.0, u'lastTradeQty': 50}"
"{u'high': 5.4, u'ltp': 2.95, u'lowPriceRange': 0.05, u'growwContractId': u'NIFTY21NOV18750CE', u'open': 5.4, u'prevOpenInterest': 124650, u'dayChange': 0.0, u'totalBuyQty': 74850.0, u'volume': 350500, u'lastTradeTime': 1637209799, u'dayChangePerc': 0.0, u'low': 2.35, u'close': 2.95, u'contractDisplayName': u""NIFTY 25 Nov '21 - 18750 Call"", u'highPriceRange': 71.35, u'openInterest': 146900, u'totalSellQty': 17350.0, u'lastTradeQty': 100}",1875000,"{u'high': 958.85, u'ltp': 956.4, u'lowPriceRange': 88.8, u'growwContractId': u'NIFTY21NOV18750PE', u'open': 952.45, u'prevOpenInterest': 5850, u'dayChange': 0.0, u'totalBuyQty': 7350.0, u'volume': 150, u'lastTradeTime': 1637209799, u'dayChangePerc': 0.0, u'low': 952.45, u'close': 956.4, u'contractDisplayName': u""NIFTY 25 Nov '21 - 18750 Put"", u'highPriceRange': 1712.4, u'openInterest': 5800, u'totalSellQty': 6950.0, u'lastTradeQty': 50}"
"{u'high': 4.95, u'ltp': 2.65, u'lowPriceRange': 0.05, u'growwContractId': u'NIFTY21NOV18800CE', u'open': 4.1, u'prevOpenInterest': 936050, u'dayChange': 0.0, u'totalBuyQty': 101700.0, u'volume': 2265750, u'lastTradeTime': 1637209799, u'dayChangePerc': 0.0, u'low': 2.25, u'close': 2.65, u'contractDisplayName': u""NIFTY 25 Nov '21 - 18800 Call"", u'highPriceRange': 61.25, u'openInterest': 1363600, u'totalSellQty': 81650.0, u'lastTradeQty': 100}",1880000,"{u'high': 1088.6, u'ltp': 1002.6, u'lowPriceRange': 131.05, u'growwContractId': u'NIFTY21NOV18800PE', u'open': 904.6, u'prevOpenInterest': 30250, u'dayChange': 0.0, u'totalBuyQty': 11100.0, u'volume': 6300, u'lastTradeTime': 1637209799, u'dayChangePerc': 0.0, u'low': 904.6, u'close': 1002.6, u'contractDisplayName': u""NIFTY 25 Nov '21 - 18800 Put"", u'highPriceRange': 1772.45, u'openInterest': 27750, u'totalSellQty': 16600.0, u'lastTradeQty': 50}"
"{u'high': 5.0, u'ltp': 2.7, u'lowPriceRange': 0.05, u'growwContractId': u'NIFTY21NOV18850CE', u'open': 4.05, u'prevOpenInterest': 94150, u'dayChange': 0.0, u'totalBuyQty': 63900.0, u'volume': 133400, u'lastTradeTime': 1637209799, u'dayChangePerc': 0.0, u'low': 2.3, u'close': 2.7, u'contractDisplayName': u""NIFTY 25 Nov '21 - 18850 Call"", u'highPriceRange': 52.85, u'openInterest': 99050, u'totalSellQty': 8900.0, u'lastTradeQty': 50}",1885000,"{u'high': 1088.95, u'ltp': 1066.3, u'lowPriceRange': 180.05, u'growwContractId': u'NIFTY21NOV18850PE', u'open': 933.0, u'prevOpenInterest': 1500, u'dayChange': 0.0, u'totalBuyQty': 7150.0, u'volume': 400, u'lastTradeTime': 1637209799, u'dayChangePerc': 0.0, u'low': 933.0, u'close': 1066.3, u'contractDisplayName': u""NIFTY 25 Nov '21 - 18850 Put"", u'highPriceRange': 1817.45, u'openInterest': 1400, u'totalSellQty': 6950.0, u'lastTradeQty': 50}"
"{u'high': 4.3, u'ltp': 2.35, u'lowPriceRange': 0.05, u'growwContractId': u'NIFTY21NOV18900CE', u'open': 3.6, u'prevOpenInterest': 582700, u'dayChange': 0.0, u'totalBuyQty': 84950.0, u'volume': 1077100, u'lastTradeTime': 1637209799, u'dayChangePerc': 0.0, u'low': 2.05, u'close': 2.35, u'contractDisplayName': u""NIFTY 25 Nov '21 - 18900 Call"", u'highPriceRange': 44.9, u'openInterest': 876550, u'totalSellQty': 22450.0, u'lastTradeQty': 200}",1890000,"{u'high': 1206.5, u'ltp': 1107.4, u'lowPriceRange': 219.95, u'growwContractId': u'NIFTY21NOV18900PE', u'open': 1136.75, u'prevOpenInterest': 5850, u'dayChange': 0.0, u'totalBuyQty': 15100.0, u'volume': 850, u'lastTradeTime': 1637209799, u'dayChangePerc': 0.0, u'low': 1098.45, u'close': 1107.4, u'contractDisplayName': u""NIFTY 25 Nov '21 - 18900 Put"", u'highPriceRange': 1885.85, u'openInterest': 5450, u'totalSellQty': 14550.0, u'lastTradeQty': 50}"
"{u'high': 4.45, u'ltp': 2.45, u'lowPriceRange': 0.05, u'growwContractId': u'NIFTY21NOV18950CE', u'open': 3.3, u'prevOpenInterest': 64500, u'dayChange': 0.0, u'totalBuyQty': 64450.0, u'volume': 72150, u'lastTradeTime': 1637209799, u'dayChangePerc': 0.0, u'low': 2.2, u'close': 2.45, u'contractDisplayName': u""NIFTY 25 Nov '21 - 18950 Call"", u'highPriceRange': 38.45, u'openInterest': 60650, u'totalSellQty': 9150.0, u'lastTradeQty': 50}",1895000,"{u'high': 1215.05, u'ltp': 1157.3, u'lowPriceRange': 261.25, u'growwContractId': u'NIFTY21NOV18950PE', u'open': 1215.05, u'prevOpenInterest': 1000, u'dayChange': 0.0, u'totalBuyQty': 6600.0, u'volume': 300, u'lastTradeTime': 1637209799, u'dayChangePerc': 0.0, u'low': 1157.3, u'close': 1157.3, u'contractDisplayName': u""NIFTY 25 Nov '21 - 18950 Put"", u'highPriceRange': 1940.1, u'openInterest': 1000, u'totalSellQty': 6550.0, u'lastTradeQty': 50}"
"{u'high': 4.0, u'ltp': 2.3, u'lowPriceRange': 0.05, u'growwContractId': u'NIFTY21NOV19000CE', u'open': 3.45, u'prevOpenInterest': 2312700, u'dayChange': 0.0, u'totalBuyQty': 304200.0, u'volume': 4212250, u'lastTradeTime': 1637209799, u'dayChangePerc': 0.0, u'low': 2.1, u'close': 2.3, u'contractDisplayName': u""NIFTY 25 Nov '21 - 19000 Call"", u'highPriceRange': 32.65, u'openInterest': 3521900, u'totalSellQty': 229400.0, u'lastTradeQty': 150}",1900000,"{u'high': 1296.0, u'ltp': 1207.5, u'lowPriceRange': 293.25, u'growwContractId': u'NIFTY21NOV19000PE', u'open': 1083.0, u'prevOpenInterest': 404850, u'dayChange': 0.0, u'totalBuyQty': 13000.0, u'volume': 37550, u'lastTradeTime': 1637209799, u'dayChangePerc': 0.0, u'low': 1069.65, u'close': 1207.5, u'contractDisplayName': u""NIFTY 25 Nov '21 - 19000 Put"", u'highPriceRange': 1986.0, u'openInterest': 394600, u'totalSellQty': 18300.0, u'lastTradeQty': 50}"
"{u'high': 3.6, u'ltp': 2.25, u'lowPriceRange': 0.05, u'growwContractId': u'NIFTY21NOV19050CE', u'open': 3.4, u'prevOpenInterest': 41350, u'dayChange': 0.0, u'totalBuyQty': 65300.0, u'volume': 39500, u'lastTradeTime': 1637209799, u'dayChangePerc': 0.0, u'low': 1.8, u'close': 2.25, u'contractDisplayName': u""NIFTY 25 Nov '21 - 19050 Call"", u'highPriceRange': 27.7, u'openInterest': 37250, u'totalSellQty': 8600.0, u'lastTradeQty': 50}",1905000,"{u'high': 1256.55, u'ltp': 1254.8, u'lowPriceRange': 347.35, u'growwContractId': u'NIFTY21NOV19050PE', u'open': 1157.05, u'prevOpenInterest': 1150, u'dayChange': 0.0, u'totalBuyQty': 4750.0, u'volume': 250, u'lastTradeTime': 1637209799, u'dayChangePerc': 0.0, u'low': 1157.05, u'close': 1254.8, u'contractDisplayName': u""NIFTY 25 Nov '21 - 19050 Put"", u'highPriceRange': 2011.5, u'openInterest': 1200, u'totalSellQty': 4900.0, u'lastTradeQty': 50}"
"{u'high': 3.25, u'ltp': 2.1, u'lowPriceRange': 0.05, u'growwContractId': u'NIFTY21NOV19100CE', u'open': 2.35, u'prevOpenInterest': 448550, u'dayChange': 0.0, u'totalBuyQty': 105950.0, u'volume': 429100, u'lastTradeTime': 1637209799, u'dayChangePerc': 0.0, u'low': 1.9, u'close': 2.1, u'contractDisplayName': u""NIFTY 25 Nov '21 - 19100 Call"", u'highPriceRange': 23.25, u'openInterest': 552600, u'totalSellQty': 26850.0, u'lastTradeQty': 50}",1910000,"{u'high': 1310.2, u'ltp': 1308.3, u'lowPriceRange': 389.8, u'growwContractId': u'NIFTY21NOV19100PE', u'open': 1304.7, u'prevOpenInterest': 2900, u'dayChange': 0.0, u'totalBuyQty': 6850.0, u'volume': 300, u'lastTradeTime': 1637209799, u'dayChangePerc': 0.0, u'low': 1293.15, u'close': 1308.3, u'contractDisplayName': u""NIFTY 25 Nov '21 - 19100 Put"", u'highPriceRange': 2098.55, u'openInterest': 2850, u'totalSellQty': 6950.0, u'lastTradeQty': 50}"
"{u'high': 3.5, u'ltp': 1.9, u'lowPriceRange': 0.05, u'growwContractId': u'NIFTY21NOV19150CE', u'open': 2.1, u'prevOpenInterest': 20000, u'dayChange': 0.0, u'totalBuyQty': 64600.0, u'volume': 14900, u'lastTradeTime': 1637209799, u'dayChangePerc': 0.0, u'low': 1.65, u'close': 1.9, u'contractDisplayName': u""NIFTY 25 Nov '21 - 19150 Call"", u'highPriceRange': 19.75, u'openInterest': 21050, u'totalSellQty': 10700.0, u'lastTradeQty': 50}",1915000,"{u'high': 1355.05, u'ltp': 1352.05, u'lowPriceRange': 437.35, u'growwContractId': u'NIFTY21NOV19150PE', u'open': 1260.6, u'prevOpenInterest': 700, u'dayChange': 0.0, u'totalBuyQty': 6550.0, u'volume': 500, u'lastTradeTime': 1637209799, u'dayChangePerc': 0.0, u'low': 1260.6, u'close': 1352.05, u'contractDisplayName': u""NIFTY 25 Nov '21 - 19150 Put"", u'highPriceRange': 2105.55, u'openInterest': 650, u'totalSellQty': 6550.0, u'lastTradeQty': 50}"
"{u'high': 3.05, u'ltp': 2.15, u'lowPriceRange': 0.05, u'growwContractId': u'NIFTY21NOV19200CE', u'open': 2.95, u'prevOpenInterest': 364050, u'dayChange': 0.0, u'totalBuyQty': 95800.0, u'volume': 684600, u'lastTradeTime': 1637209799, u'dayChangePerc': 0.0, u'low': 1.9, u'close': 2.15, u'contractDisplayName': u""NIFTY 25 Nov '21 - 19200 Call"", u'highPriceRange': 16.55, u'openInterest': 578400, u'totalSellQty': 44100.0, u'lastTradeQty': 50}",1920000,"{u'high': 1405.9, u'ltp': 1404.9, u'lowPriceRange': 483.45, u'growwContractId': u'NIFTY21NOV19200PE', u'open': 1293.3, u'prevOpenInterest': 4300, u'dayChange': 0.0, u'totalBuyQty': 7050.0, u'volume': 250, u'lastTradeTime': 1637209799, u'dayChangePerc': 0.0, u'low': 1293.3, u'close': 1404.9, u'contractDisplayName': u""NIFTY 25 Nov '21 - 19200 Put"", u'highPriceRange': 2170.45, u'openInterest': 4350, u'totalSellQty': 6900.0, u'lastTradeQty': 50}"
"{u'high': 3.65, u'ltp': 2.15, u'lowPriceRange': 0.05, u'growwContractId': u'NIFTY21NOV19250CE', u'open': 2.55, u'prevOpenInterest': 13150, u'dayChange': 0.0, u'totalBuyQty': 51350.0, u'volume': 17600, u'lastTradeTime': 1637209799, u'dayChangePerc': 0.0, u'low': 1.4, u'close': 2.15, u'contractDisplayName': u""NIFTY 25 Nov '21 - 19250 Call"", u'highPriceRange': 14.3, u'openInterest': 10650, u'totalSellQty': 10350.0, u'lastTradeQty': 500}",1925000,"{u'high': 1456.05, u'ltp': 1456.05, u'lowPriceRange': 530.2, u'growwContractId': u'NIFTY21NOV19250PE', u'open': 1456.05, u'prevOpenInterest': 400, u'dayChange': 0.0, u'totalBuyQty': 6500.0, u'volume': 50, u'lastTradeTime': 1637209799, u'dayChangePerc': 0.0, u'low': 1456.05, u'close': 1456.05, u'contractDisplayName': u""NIFTY 25 Nov '21 - 19250 Put"", u'highPriceRange': 2254.9, u'openInterest': 400, u'totalSellQty': 6450.0, u'lastTradeQty': 50}"
"{u'high': 5.95, u'ltp': 2.15, u'lowPriceRange': 0.05, u'growwContractId': u'NIFTY21NOV19300CE', u'open': 5.95, u'prevOpenInterest': 198500, u'dayChange': 0.0, u'totalBuyQty': 80450.0, u'volume': 213300, u'lastTradeTime': 1637209799, u'dayChangePerc': 0.0, u'low': 1.65, u'close': 2.15, u'contractDisplayName': u""NIFTY 25 Nov '21 - 19300 Call"", u'highPriceRange': 12.05, u'openInterest': 237650, u'totalSellQty': 16250.0, u'lastTradeQty': 150}",1930000,"{u'high': 1506.75, u'ltp': 1504.75, u'lowPriceRange': 577.5, u'growwContractId': u'NIFTY21NOV19300PE', u'open': 1406.65, u'prevOpenInterest': 7300, u'dayChange': 0.0, u'totalBuyQty': 6800.0, u'volume': 300, u'lastTradeTime': 1637209799, u'dayChangePerc': 0.0, u'low': 1406.65, u'close': 1504.75, u'contractDisplayName': u""NIFTY 25 Nov '21 - 19300 Put"", u'highPriceRange': 2261.6, u'openInterest': 7400, u'totalSellQty': 5350.0, u'lastTradeQty': 50}"
"{u'high': 3.3, u'ltp': 2.1, u'lowPriceRange': 0.05, u'growwContractId': u'NIFTY21NOV19350CE', u'open': 2.75, u'prevOpenInterest': 20100, u'dayChange': 0.0, u'totalBuyQty': 64800.0, u'volume': 187850, u'lastTradeTime': 1637209799, u'dayChangePerc': 0.0, u'low': 1.9, u'close': 2.1, u'contractDisplayName': u""NIFTY 25 Nov '21 - 19350 Call"", u'highPriceRange': 10.05, u'openInterest': 20250, u'totalSellQty': 13600.0, u'lastTradeQty': 50}",1935000,"{u'high': 1556.45, u'ltp': 1553.25, u'lowPriceRange': 625.25, u'growwContractId': u'NIFTY21NOV19350PE', u'open': 1458.35, u'prevOpenInterest': 200, u'dayChange': 0.0, u'totalBuyQty': 6400.0, u'volume': 250, u'lastTradeTime': 1637209799, u'dayChangePerc': 0.0, u'low': 1458.35, u'close': 1553.25, u'contractDisplayName': u""NIFTY 25 Nov '21 - 19350 Put"", u'highPriceRange': 2308.8, u'openInterest': 350, u'totalSellQty': 6500.0, u'lastTradeQty': 50}"
"{u'high': 3.25, u'ltp': 2.1, u'lowPriceRange': 0.05, u'growwContractId': u'NIFTY21NOV19400CE', u'open': 2.95, u'prevOpenInterest': 74150, u'dayChange': 0.0, u'totalBuyQty': 72850.0, u'volume': 95550, u'lastTradeTime': 1637209799, u'dayChangePerc': 0.0, u'low': 1.75, u'close': 2.1, u'contractDisplayName': u""NIFTY 25 Nov '21 - 19400 Call"", u'highPriceRange': 8.8, u'openInterest': 56350, u'totalSellQty': 8900.0, u'lastTradeQty': 50}",1940000,"{u'high': 1616.95, u'ltp': 1614.25, u'lowPriceRange': 673.4, u'growwContractId': u'NIFTY21NOV19400PE', u'open': 1477.9, u'prevOpenInterest': 1000, u'dayChange': 0.0, u'totalBuyQty': 9500.0, u'volume': 350, u'lastTradeTime': 1637209799, u'dayChangePerc': 0.0, u'low': 1477.9, u'close': 1614.25, u'contractDisplayName': u""NIFTY 25 Nov '21 - 19400 Put"", u'highPriceRange': 2369.9, u'openInterest': 1000, u'totalSellQty': 10050.0, u'lastTradeQty': 50}"
"{u'high': 4.8, u'ltp': 1.9, u'lowPriceRange': 0.05, u'growwContractId': u'NIFTY21NOV19450CE', u'open': 4.8, u'prevOpenInterest': 8250, u'dayChange': 0.0, u'totalBuyQty': 74400.0, u'volume': 11000, u'lastTradeTime': 1637209799, u'dayChangePerc': 0.0, u'low': 1.65, u'close': 1.9, u'contractDisplayName': u""NIFTY 25 Nov '21 - 19450 Call"", u'highPriceRange': 7.45, u'openInterest': 8900, u'totalSellQty': 5600.0, u'lastTradeQty': 150}",1945000,"{u'high': 1656.0, u'ltp': 1653.1, u'lowPriceRange': 721.9, u'growwContractId': u'NIFTY21NOV19450PE', u'open': 1546.5, u'prevOpenInterest': 300, u'dayChange': 0.0, u'totalBuyQty': 6500.0, u'volume': 250, u'lastTradeTime': 1637209799, u'dayChangePerc': 0.0, u'low': 1546.5, u'close': 1653.1, u'contractDisplayName': u""NIFTY 25 Nov '21 - 19450 Put"", u'highPriceRange': 2418.0, u'openInterest': 350, u'totalSellQty': 6450.0, u'lastTradeQty': 50}"
"{u'high': 2.55, u'ltp': 2.0, u'lowPriceRange': 0.05, u'growwContractId': u'NIFTY21NOV19500CE', u'open': 2.25, u'prevOpenInterest': 910000, u'dayChange': 0.0, u'totalBuyQty': 466400.0, u'volume': 2440800, u'lastTradeTime': 1637209799, u'dayChangePerc': 0.0, u'low': 1.6, u'close': 2.0, u'contractDisplayName': u""NIFTY 25 Nov '21 - 19500 Call"", u'highPriceRange': 6.5, u'openInterest': 1828250, u'totalSellQty': 116550.0, u'lastTradeQty': 300}",1950000,"{u'high': 1791.85, u'ltp': 1709.5, u'lowPriceRange': 770.0, u'growwContractId': u'NIFTY21NOV19500PE', u'open': 1573.2, u'prevOpenInterest': 113650, u'dayChange': 0.0, u'totalBuyQty': 15950.0, u'volume': 5500, u'lastTradeTime': 1637209799, u'dayChangePerc': 0.0, u'low': 1573.2, u'close': 1709.5, u'contractDisplayName': u""NIFTY 25 Nov '21 - 19500 Put"", u'highPriceRange': 2507.5, u'openInterest': 111800, u'totalSellQty': 13600.0, u'lastTradeQty': 50}"
"{u'high': 5.0, u'ltp': 1.9, u'lowPriceRange': 0.05, u'growwContractId': u'NIFTY21NOV19550CE', u'open': 4.3, u'prevOpenInterest': 10350, u'dayChange': 0.0, u'totalBuyQty': 66850.0, u'volume': 25750, u'lastTradeTime': 1637209799, u'dayChangePerc': 0.0, u'low': 1.5, u'close': 1.9, u'contractDisplayName': u""NIFTY 25 Nov '21 - 19550 Call"", u'highPriceRange': 5.75, u'openInterest': 10150, u'totalSellQty': 6850.0, u'lastTradeQty': 150}",1955000,"{u'high': 0.0, u'ltp': 1562.4, u'lowPriceRange': 819.65, u'growwContractId': u'NIFTY21NOV19550PE', u'open': 0.0, u'prevOpenInterest': 250, u'dayChange': 0.0, u'totalBuyQty': 6500.0, u'volume': 0, u'lastTradeTime': 1637209799, u'dayChangePerc': 0.0, u'low': 0.0, u'close': 1562.4, u'contractDisplayName': u""NIFTY 25 Nov '21 - 19550 Put"", u'highPriceRange': 2558.45, u'openInterest': 250, u'totalSellQty': 6500.0, u'lastTradeQty': 50}"
"{u'high': 2.6, u'ltp': 2.0, u'lowPriceRange': 0.05, u'growwContractId': u'NIFTY21NOV19600CE', u'open': 2.6, u'prevOpenInterest': 120700, u'dayChange': 0.0, u'totalBuyQty': 135500.0, u'volume': 139350, u'lastTradeTime': 1637209799, u'dayChangePerc': 0.0, u'low': 1.35, u'close': 2.0, u'contractDisplayName': u""NIFTY 25 Nov '21 - 19600 Call"", u'highPriceRange': 5.45, u'openInterest': 127700, u'totalSellQty': 9750.0, u'lastTradeQty': 200}",1960000,"{u'high': 1902.4, u'ltp': 1812.35, u'lowPriceRange': 868.8, u'growwContractId': u'NIFTY21NOV19600PE', u'open': 1837.55, u'prevOpenInterest': 850, u'dayChange': 0.0, u'totalBuyQty': 5100.0, u'volume': 300, u'lastTradeTime': 1637209799, u'dayChangePerc': 0.0, u'low': 1812.35, u'close': 1812.35, u'contractDisplayName': u""NIFTY 25 Nov '21 - 19600 Put"", u'highPriceRange': 2608.65, u'openInterest': 800, u'totalSellQty': 4600.0, u'lastTradeQty': 50}"
"{u'high': 2.65, u'ltp': 2.4, u'lowPriceRange': 0.05, u'growwContractId': u'NIFTY21NOV19650CE', u'open': 1.65, u'prevOpenInterest': 6850, u'dayChange': 0.0, u'totalBuyQty': 74100.0, u'volume': 4400, u'lastTradeTime': 1637209799, u'dayChangePerc': 0.0, u'low': 1.55, u'close': 2.4, u'contractDisplayName': u""NIFTY 25 Nov '21 - 19650 Call"", u'highPriceRange': 5.35, u'openInterest': 5100, u'totalSellQty': 5550.0, u'lastTradeQty': 50}",1965000,"{u'high': 0.0, u'ltp': 1730.85, u'lowPriceRange': 913.05, u'growwContractId': u'NIFTY21NOV19650PE', u'open': 0.0, u'prevOpenInterest': 350, u'dayChange': 0.0, u'totalBuyQty': 6450.0, u'volume': 0, u'lastTradeTime': 1637209799, u'dayChangePerc': 0.0, u'low': 0.0, u'close': 1730.85, u'contractDisplayName': u""NIFTY 25 Nov '21 - 19650 Put"", u'highPriceRange': 2653.75, u'openInterest': 350, u'totalSellQty': 6400.0, u'lastTradeQty': 50}"
"{u'high': 2.95, u'ltp': 2.1, u'lowPriceRange': 0.05, u'growwContractId': u'NIFTY21NOV19700CE', u'open': 2.4, u'prevOpenInterest': 120350, u'dayChange': 0.0, u'totalBuyQty': 94600.0, u'volume': 115150, u'lastTradeTime': 1637209799, u'dayChangePerc': 0.0, u'low': 1.6, u'close': 2.1, u'contractDisplayName': u""NIFTY 25 Nov '21 - 19700 Call"", u'highPriceRange': 5.4, u'openInterest': 117050, u'totalSellQty': 24800.0, u'lastTradeQty': 300}",1970000,"{u'high': 0.0, u'ltp': 1736.6, u'lowPriceRange': 967.6, u'growwContractId': u'NIFTY21NOV19700PE', u'open': 0.0, u'prevOpenInterest': 1700, u'dayChange': 0.0, u'totalBuyQty': 5700.0, u'volume': 0, u'lastTradeTime': 1637209799, u'dayChangePerc': 0.0, u'low': 0.0, u'close': 1736.6, u'contractDisplayName': u""NIFTY 25 Nov '21 - 19700 Put"", u'highPriceRange': 2708.95, u'openInterest': 1700, u'totalSellQty': 6900.0, u'lastTradeQty': 50}"
"{u'high': 3.5, u'ltp': 2.0, u'lowPriceRange': 0.05, u'growwContractId': u'NIFTY21NOV19750CE', u'open': 2.6, u'prevOpenInterest': 8250, u'dayChange': 0.0, u'totalBuyQty': 69100.0, u'volume': 6550, u'lastTradeTime': 1637209799, u'dayChangePerc': 0.0, u'low': 1.5, u'close': 2.0, u'contractDisplayName': u""NIFTY 25 Nov '21 - 19750 Call"", u'highPriceRange': 5.35, u'openInterest': 9400, u'totalSellQty': 6850.0, u'lastTradeQty': 50}",1975000,"{u'high': 0.0, u'ltp': 1763.65, u'lowPriceRange': 1017.2, u'growwContractId': u'NIFTY21NOV19750PE', u'open': 0.0, u'prevOpenInterest': 150, u'dayChange': 0.0, u'totalBuyQty': 6400.0, u'volume': 0, u'lastTradeTime': 1637209799, u'dayChangePerc': 0.0, u'low': 0.0, u'close': 1763.65, u'contractDisplayName': u""NIFTY 25 Nov '21 - 19750 Put"", u'highPriceRange': 2759.1, u'openInterest': 150, u'totalSellQty': 6500.0, u'lastTradeQty': 100}"
"{u'high': 2.85, u'ltp': 1.95, u'lowPriceRange': 0.05, u'growwContractId': u'NIFTY21NOV19800CE', u'open': 2.65, u'prevOpenInterest': 82750, u'dayChange': 0.0, u'totalBuyQty': 101000.0, u'volume': 44250, u'lastTradeTime': 1637209799, u'dayChangePerc': 0.0, u'low': 1.7, u'close': 1.95, u'contractDisplayName': u""NIFTY 25 Nov '21 - 19800 Call"", u'highPriceRange': 5.5, u'openInterest': 98100, u'totalSellQty': 38850.0, u'lastTradeQty': 400}",1980000,"{u'high': 2007.9, u'ltp': 2007.9, u'lowPriceRange': 1066.85, u'growwContractId': u'NIFTY21NOV19800PE', u'open': 2006.65, u'prevOpenInterest': 1050, u'dayChange': 0.0, u'totalBuyQty': 6950.0, u'volume': 100, u'lastTradeTime': 1637209799, u'dayChangePerc': 0.0, u'low': 2006.65, u'close': 2007.9, u'contractDisplayName': u""NIFTY 25 Nov '21 - 19800 Put"", u'highPriceRange': 2809.15, u'openInterest': 1000, u'totalSellQty': 6200.0, u'lastTradeQty': 50}"
"{u'high': 2.55, u'ltp': 2.0, u'lowPriceRange': 0.05, u'growwContractId': u'NIFTY21NOV19850CE', u'open': 2.55, u'prevOpenInterest': 27350, u'dayChange': 0.0, u'totalBuyQty': 91750.0, u'volume': 17950, u'lastTradeTime': 1637209799, u'dayChangePerc': 0.0, u'low': 1.3, u'close': 2.0, u'contractDisplayName': u""NIFTY 25 Nov '21 - 19850 Call"", u'highPriceRange': 5.45, u'openInterest': 18150, u'totalSellQty': 7250.0, u'lastTradeQty': 150}",1985000,"{u'high': 0.0, u'ltp': 1842.05, u'lowPriceRange': 1116.55, u'growwContractId': u'NIFTY21NOV19850PE', u'open': 0.0, u'prevOpenInterest': 50, u'dayChange': 0.0, u'totalBuyQty': 6350.0, u'volume': 0, u'lastTradeTime': 1637209799, u'dayChangePerc': 0.0, u'low': 0.0, u'close': 1842.05, u'contractDisplayName': u""NIFTY 25 Nov '21 - 19850 Put"", u'highPriceRange': 2859.2, u'openInterest': 50, u'totalSellQty': 6450.0, u'lastTradeQty': 50}"
"{u'high': 2.9, u'ltp': 1.9, u'lowPriceRange': 0.05, u'growwContractId': u'NIFTY21NOV19900CE', u'open': 2.9, u'prevOpenInterest': 42650, u'dayChange': 0.0, u'totalBuyQty': 74100.0, u'volume': 50050, u'lastTradeTime': 1637209799, u'dayChangePerc': 0.0, u'low': 1.75, u'close': 1.9, u'contractDisplayName': u""NIFTY 25 Nov '21 - 19900 Call"", u'highPriceRange': 5.5, u'openInterest': 60750, u'totalSellQty': 25450.0, u'lastTradeQty': 400}",1990000,"{u'high': 2140.0, u'ltp': 2140.0, u'lowPriceRange': 1166.35, u'growwContractId': u'NIFTY21NOV19900PE', u'open': 2140.0, u'prevOpenInterest': 3350, u'dayChange': 0.0, u'totalBuyQty': 6900.0, u'volume': 50, u'lastTradeTime': 1637209799, u'dayChangePerc': 0.0, u'low': 2140.0, u'close': 2140.0, u'contractDisplayName': u""NIFTY 25 Nov '21 - 19900 Put"", u'highPriceRange': 2909.2, u'openInterest': 3350, u'totalSellQty': 3300.0, u'lastTradeQty': 50}"
"{u'high': 3.8, u'ltp': 1.85, u'lowPriceRange': 0.05, u'growwContractId': u'NIFTY21NOV19950CE', u'open': 1.35, u'prevOpenInterest': 15100, u'dayChange': 0.0, u'totalBuyQty': 94550.0, u'volume': 8950, u'lastTradeTime': 1637209799, u'dayChangePerc': 0.0, u'low': 1.35, u'close': 1.85, u'contractDisplayName': u""NIFTY 25 Nov '21 - 19950 Call"", u'highPriceRange': 5.15, u'openInterest': 19000, u'totalSellQty': 7750.0, u'lastTradeQty': 100}",1995000,"{u'high': 0.0, u'ltp': 1961.4, u'lowPriceRange': 1216.15, u'growwContractId': u'NIFTY21NOV19950PE', u'open': 0.0, u'prevOpenInterest': 50, u'dayChange': 0.0, u'totalBuyQty': 6350.0, u'volume': 0, u'lastTradeTime': 1637209799, u'dayChangePerc': 0.0, u'low': 0.0, u'close': 1961.4, u'contractDisplayName': u""NIFTY 25 Nov '21 - 19950 Put"", u'highPriceRange': 2959.25, u'openInterest': 50, u'totalSellQty': 6450.0, u'lastTradeQty': 50}"
"{u'high': 2.5, u'ltp': 1.95, u'lowPriceRange': 0.05, u'growwContractId': u'NIFTY21NOV20000CE', u'open': 2.5, u'prevOpenInterest': 922650, u'dayChange': 0.0, u'totalBuyQty': 295650.0, u'volume': 3373600, u'lastTradeTime': 1637209799, u'dayChangePerc': 0.0, u'low': 1.6, u'close': 1.95, u'contractDisplayName': u""NIFTY 25 Nov '21 - 20000 Call"", u'highPriceRange': 5.4, u'openInterest': 2942550, u'totalSellQty': 110500.0, u'lastTradeQty': 900}",2000000,"{u'high': 2285.0, u'ltp': 2208.3, u'lowPriceRange': 1260.4, u'growwContractId': u'NIFTY21NOV20000PE', u'open': 2070.0, u'prevOpenInterest': 277700, u'dayChange': 0.0, u'totalBuyQty': 13500.0, u'volume': 9750, u'lastTradeTime': 1637209799, u'dayChangePerc': 0.0, u'low': 2070.0, u'close': 2208.3, u'contractDisplayName': u""NIFTY 25 Nov '21 - 20000 Put"", u'highPriceRange': 3003.65, u'openInterest': 271200, u'totalSellQty': 7850.0, u'lastTradeQty': 50}"
